time,tweet
2020-07-05 18:07:59,"b'RT @Anees_Speaks: The 56 inch chest is a myth, \n\n#56InchTummy is fact.'"
2020-07-05 18:07:58,"b'RT @Anees_Speaks: The 56 inch chest is a myth, \n\n#56InchTummy is fact.'"
2020-07-05 18:07:57,b'RT @R1Ruhi: His #56InchTummy is filled with PMCARES Fund ! https://t.co/moLNTKvfHh'
2020-07-05 18:07:57,"b""RT @AhmedBilal_JK: Straight from horse's mouth \xf0\x9f\x91\x87.\n\n@sambitswaraj accepting on air that Modi's Acting in Leh deserves Oscar Award .\nThanks f\xe2\x80\xa6"""
2020-07-05 18:07:57,b'RT @retheeshraj10: Expectation.                         Reality #56InchTummy https://t.co/Vpw9xicSsx'
2020-07-05 18:07:56,b'#56InchTummy only has money for Muslim appeasement\n\nModi transferred 22000 crores to Muslims in six years\n\nYet Modi\xe2\x80\xa6 https://t.co/ZEe50MTc5e'
2020-07-05 18:07:55,"b'RT @PriaINC: They say 56 inch, I hear #56InchTummy \xf0\x9f\x98\x82\xf0\x9f\x98\x82\nPass it on ..'"
2020-07-05 18:07:55,b'RT @R1Ruhi: His #56InchTummy is filled with PMCARES Fund ! https://t.co/moLNTKvfHh'
2020-07-05 18:07:52,"b'RT @srivatsayb: 0.56-inch Chest and a #56InchTummy\n\nMitron, RT if you agree https://t.co/9dlr6z09ek'"
2020-07-05 18:07:50,b'Tummy of universe! \n\nAnything and everything can be accommodated in this Tummy.\n\n#56InchTummy https://t.co/XhI13YP2Wb'
2020-07-05 18:07:50,b'RT @SpiritOfCongres: . #56InchTummy is REAL.\nIt looks like this \xf0\x9f\x91\x87 https://t.co/2tPfyuQ5P4'
2020-07-05 18:07:47,"b""#56InchTummy\nObviously because @narendramodi ji's tummy is filled with money of poor hardworking farmers, pm care f\xe2\x80\xa6 https://t.co/0YGIieFicB"""
2020-07-05 18:07:47,b'RT @kshitijsaxena71: Yoga Shilpa Shetty aur Baba Ramdev par chodd do...unhe dekhkar motivation bhi milti hai\xf0\x9f\x98\x82\xf0\x9f\x98\x82\xf0\x9f\x98\x82\nDear Netas focus on running\xe2\x80\xa6'
2020-07-05 18:07:46,b'#56InchTummy arey kuch din pehle to libtards ka ek bada \xe0\xa4\x9d\xe0\xa5\x81\xe0\xa4\x82\xe0\xa4\xa1\xe0\xa4\xbc white obsession aur fat shaming ko lekar Instagram pe\xe2\x80\xa6 https://t.co/ERpCQjYpN7'
2020-07-05 18:07:46,"b'RT @antifascisttt: Our Panauti has received a new name called ""56 inch Tummy"".\n\nName credits : @srivatsayb .\n\n#56InchTummy'"
2020-07-05 18:07:45,"b'RT @srivatsayb: 0.56-inch Chest and a #56InchTummy\n\nMitron, RT if you agree https://t.co/9dlr6z09ek'"
2020-07-05 18:07:42,b'RT @Mehboobp1: @RahulGandhi PM Modi has failed in every aspect to protect our country be it is Corona viras or border ishue \n\nModi has Surr\xe2\x80\xa6'
2020-07-05 18:07:42,b'RT @h_s_Karthik: Sri @RahulGandhi warned about #Covid in the month of February.\nBut #56InchTummy was busy eating Litti Choka and neglected\xe2\x80\xa6'
2020-07-05 18:07:41,b'RT @dubeyamitabh: PM Manmohan Singh visited Siachen on 12 Jun 2005 with little fanfare. That\xe2\x80\x99s 19 km from the frontline at Gyong La and 66\xe2\x80\xa6'
2020-07-05 18:07:41,"b""RT @Political_Doc_: #56InchTummy\n\n\xf0\x9f\x98\x82\xf0\x9f\x98\x82\xf0\x9f\x98\x82\n. \n\nWhat Bhakt's.                     Reality of \nThink about Modi.              Modi ji https://t.co\xe2\x80\xa6"""
2020-07-05 18:07:41,b'RT @BariAlisha: We did it.\xf0\x9f\x98\x82 \xe2\x9d\xa4\xef\xb8\x8f\n Trending on No1 #56InchTummy \n@sambitswaraj now happy? \xf0\x9f\x98\x88 https://t.co/6OyivPPVMf'
2020-07-05 18:07:40,b'RT @SpiritOfCongres: His #56InchTummy is full of hate &amp; bigotry. https://t.co/XgL7YKQdOf'
2020-07-05 18:07:38,"b'RT @srivatsayb: 0.56-inch Chest and a #56InchTummy\n\nMitron, RT if you agree https://t.co/9dlr6z09ek'"
2020-07-05 18:07:38,"b'RT @srivatsayb: 0.56-inch Chest and a #56InchTummy\n\nMitron, RT if you agree https://t.co/9dlr6z09ek'"
2020-07-05 18:07:35,b'RT @PriaINC: #56InchTummy favourite pass time: Zhoot and Jumla\n\nLet creativity flow guys add your own and RT \n\nPass it on #56InchTummy'
2020-07-05 18:07:35,b'RT @HRajaOffl: No of times Modi Named Pakistan for Pulwama attack - 1000+\n\nNo of times Modi named China for Galwan Valley attack - 0\n#56Inc\xe2\x80\xa6'
2020-07-05 18:07:34,b'RT @BariAlisha: We did it.\xf0\x9f\x98\x82 \xe2\x9d\xa4\xef\xb8\x8f\n Trending on No1 #56InchTummy \n@sambitswaraj now happy? \xf0\x9f\x98\x88 https://t.co/6OyivPPVMf'
2020-07-05 18:07:32,b'RT @RahulManojkumar: Hey @sambitswaraj....\nThanks for Speaking  out The Qualities of Your Honourable Leader With Our Without Your Notice \xf0\x9f\x98\x86\xe2\x80\xa6'
2020-07-05 18:07:31,"b'RT @Vignesh_TNPYC: If lying is an art , this man is an Picasso of it. He is disaster to Nation.\n\n#56InchTummy https://t.co/aTsJa3zZGH'"
2020-07-05 18:07:30,"b'RT @srivatsayb: 0.56-inch Chest and a #56InchTummy\n\nMitron, RT if you agree https://t.co/9dlr6z09ek'"
2020-07-05 18:07:28,b'100% certified it\xe2\x80\x99s real . #\n#56InchTummy https://t.co/Am4uV7mobG'
2020-07-05 18:07:28,"b'RT @SpiritOfCongres: Modi\'s 56 inch chest is a farce. \n\nBut #56InchTummy is real. It\'s exactly 56""'"
2020-07-05 18:07:27,b'RT @SpiritOfCongres: .. #56InchTummy is filled with demons of 2002.'
2020-07-05 18:07:27,b'RT @HRajaOffl: 1\xef\xb8\x8f\xe2\x83\xa3Modi against China when he was in opposition\n\n2\xef\xb8\x8f\xe2\x83\xa3 Modi against China after Galwan Valley attack\n#56InchTummy https://t.co\xe2\x80\xa6'
2020-07-05 18:07:26,b'RT @VK18_ABD17: I doubt Even DOREMON @sambitswaraj must have tweeted with #56InchTummy \xf0\x9f\x98\x86 https://t.co/pGvwcKfzQt'
2020-07-05 18:07:25,"b'RT @srivatsayb: 0.56-inch Chest and a #56InchTummy\n\nMitron, RT if you agree https://t.co/9dlr6z09ek'"
2020-07-05 18:07:24,b'RT @Deepak_Smg: Photoshop                   Reality \n\n#56InchTummy \xf0\x9f\xa4\xa3\xf0\x9f\xa4\xa3\xf0\x9f\xa4\xa3 https://t.co/UzeNmpzGP4'
2020-07-05 18:07:24,b'RT @PreetamPatil96: #56InchTummy\xe2\x80\x99s most succinct biography title would be\n\n\xe2\x80\x9cMY EXPERIMENT WITH LIES\xe2\x80\x9d'
2020-07-05 18:07:22,b'RT @Nation_Wants2no: Modi has 0.56 chest with                            #56InchTummy\n\nAgree?'
2020-07-05 18:07:21,"b""RT @AhmedBilal_JK: Straight from horse's mouth \xf0\x9f\x91\x87.\n\n@sambitswaraj accepting on air that Modi's Acting in Leh deserves Oscar Award .\nThanks f\xe2\x80\xa6"""
2020-07-05 18:07:21,b'RT @Subytweets: 20 Crores for Yoga day ads and 35 Lakh Yoga Video &amp; still #56InchTummy https://t.co/8WI6ZMxvbN'
2020-07-05 18:07:20,b'RT @VinayDokania: Petrol Diesel Taxes\n\nDuring                           During\nCongress GOVT           BJP GOVT #56InchTummy https://t.co/z\xe2\x80\xa6'
2020-07-05 18:07:19,b'RT @VK18_ABD17: #56InchTummy\n\nREEL                     REAL https://t.co/WHOuDD4SQS'
2020-07-05 18:07:17,b'Why #56InchTummy in trending !?\n\xf0\x9f\x98\x82\xf0\x9f\xa7\x90 https://t.co/BoA2kguAKl'
2020-07-05 18:07:16,b'RT @SpiritOfCongres: . #56InchTummy is REAL.\nIt looks like this \xf0\x9f\x91\x87 https://t.co/2tPfyuQ5P4'
2020-07-05 18:07:15,b'RT @Subytweets: 20 Crores for Yoga day ads and 35 Lakh Yoga Video &amp; still #56InchTummy https://t.co/8WI6ZMxvbN'
2020-07-05 18:07:13,b'RT @abhijitsapkal1: (Pic 1) What Godi Media pretend about him\n\n(Pic 2) What he is actually!\n\n#56InchTummy https://t.co/QKQOXIgFgO'
2020-07-05 18:07:12,b'RT @adityaojha075: BIG BREAKING: In a report it was found that reviving Indian economy is easier than expecting intelligence from Sambit Pa\xe2\x80\xa6'
2020-07-05 18:07:11,b'RT @KibaVenisha: DARPOK56INCH \n\n#56InchTummy https://t.co/gcvi0qDNmB'
2020-07-05 18:07:10,b'RT @AnshumanSail: Everyone in India is talking about #56InchTummy but will anyone tell me who has this 56 Inch Tummy?'
2020-07-05 18:07:09,b'RT @MunmunSahani: I know the actual reason of \n#56InchTummy \n\n@srivatsayb https://t.co/CMUFlT2PXD'
2020-07-05 18:07:08,b'RT @JaiHin303: #56InchTummy you cannot sell #Ladakh to China. #ModiStopSellingLadakh or else people of India will come on roads and revolt\xe2\x80\xa6'
2020-07-05 18:07:08,"b""RT @Political_Doc_: Modi ji after eating whole 'Indian Economy' \n\n\xf0\x9f\x98\x82\xf0\x9f\x98\x82\xf0\x9f\x98\x82\xf0\x9f\x98\x82\n\n#56InchTummy https://t.co/uHPnrKdgFY"""
2020-07-05 18:07:05,"b'RT @srivatsayb: 0.56-inch Chest and a #56InchTummy\n\nMitron, RT if you agree https://t.co/9dlr6z09ek'"
2020-07-05 18:07:05,"b'RT @srivatsayb: 0.56-inch Chest and a #56InchTummy\n\nMitron, RT if you agree https://t.co/9dlr6z09ek'"
2020-07-05 18:07:05,b'RT @R1Ruhi: His #56InchTummy is filled with PMCARES Fund ! https://t.co/moLNTKvfHh'
2020-07-05 18:07:03,b'RT @HarmanManchanda: This Body Shaming trend #56InchTummy shows how much Congress/LW/Urban Naxals hate Modi!\n\nStopping so so low \xf0\x9f\xa4\xa6\xe2\x80\x8d\xe2\x99\x82\xef\xb8\x8f\nYes M\xe2\x80\xa6'
2020-07-05 18:07:03,"b'Unlike GodiMedia, if fight is on a fair platform like SM, today\xe2\x80\x99s casually started #56InchTummy immediately starts\xe2\x80\xa6 https://t.co/gBbCxQD8fi'"
2020-07-05 18:07:03,b'RT @VK18_ABD17: I doubt Even DOREMON @sambitswaraj must have tweeted with #56InchTummy \xf0\x9f\x98\x86 https://t.co/pGvwcKfzQt'
2020-07-05 18:07:00,b'RT @Shekhar50330166: #56InchTummy Competition between 2 for 56 inch tummy https://t.co/YxXvYwcgBg'
2020-07-05 18:07:00,b'RT @MunmunSahani: I know the actual reason of \n#56InchTummy \n\n@srivatsayb https://t.co/CMUFlT2PXD'
2020-07-05 18:07:00,"b""RT @Vignesh_TNPYC: One Nation \nOne Mistake !! \n\nDon't trust him and spoil our country's Future .\n\n#56InchTummy https://t.co/vMy0hMIbYk"""
2020-07-05 18:06:59,b'RT @BilalAhmedNgp: Pic 1: Most fittest Leader of India.\n\nPic 2: Most unfit leader of India.\n\n#56InchTummy https://t.co/vtyL1jIpK7'
2020-07-05 18:06:59,b'RT @HRajaOffl: No of times Modi Named Pakistan for Pulwama attack - 1000+\n\nNo of times Modi named China for Galwan Valley attack - 0\n#56Inc\xe2\x80\xa6'
2020-07-05 18:06:57,"b""RT @Vignesh_TNPYC: One Nation \nOne Mistake !! \n\nDon't trust him and spoil our country's Future .\n\n#56InchTummy https://t.co/vMy0hMIbYk"""
2020-07-05 18:06:57,b'RT @indianeutral: Who really deserves #56InchTummy ? \xf0\x9f\x99\x8f\n\nRT for those Kids \nLike for Modiji https://t.co/NDh1gmd5SN'
2020-07-05 18:06:57,b'RT @HarmanManchanda: This Body Shaming trend #56InchTummy shows how much Congress/LW/Urban Naxals hate Modi!\n\nStopping so so low \xf0\x9f\xa4\xa6\xe2\x80\x8d\xe2\x99\x82\xef\xb8\x8f\nYes M\xe2\x80\xa6'
2020-07-05 18:06:57,"b'RT @SpiritOfCongres: They say 56 inch, I remember tummy.. \xf0\x9f\x98\x82\xf0\x9f\x98\x82\n\n#56InchTummy'"
2020-07-05 18:06:53,"b'RT @srivatsayb: 0.56-inch Chest and a #56InchTummy\n\nMitron, RT if you agree https://t.co/9dlr6z09ek'"
2020-07-05 18:06:53,"b""RT @Vignesh_TNPYC: One Nation \nOne Mistake !! \n\nDon't trust him and spoil our country's Future .\n\n#56InchTummy https://t.co/vMy0hMIbYk"""
2020-07-05 18:06:53,b'RT @SpiritOfCongres: It is #56InchTummy because he ate so much Chinese recently \xf0\x9f\x98\x9c https://t.co/ZVKzimLRE9'
2020-07-05 18:06:51,"b'RT @srivatsayb: 0.56-inch Chest and a #56InchTummy\n\nMitron, RT if you agree https://t.co/9dlr6z09ek'"
2020-07-05 18:06:50,b'RT @SpiritOfCongres: . #56InchTummy is REAL.\nIt looks like this \xf0\x9f\x91\x87 https://t.co/2tPfyuQ5P4'
2020-07-05 18:06:48,b'RT @PriaINC: #56InchTummy favourite pass time: Zhoot and Jumla\n\nLet creativity flow guys add your own and RT \n\nPass it on #56InchTummy'
2020-07-05 18:06:48,b'RT @Deepak_Smg: Photoshop                   Reality \n\n#56InchTummy \xf0\x9f\xa4\xa3\xf0\x9f\xa4\xa3\xf0\x9f\xa4\xa3 https://t.co/UzeNmpzGP4'
2020-07-05 18:06:46,b'RT @Nation_Wants2no: #56InchTummy is the lockdown effect!\n\n\xf0\x9f\x98\x89'
2020-07-05 18:06:45,"b'0.56-inch Chest and a #56InchTummy\n\nMitron, RT if you agree https://t.co/lsmTTPw3sT\n#56InchTummy'"
2020-07-05 18:06:44,b'RT @SpiritOfCongres: Bhakts reaction after seeing #56InchTummy is trending \xf0\x9f\x98\x9c\xf0\x9f\x98\x82\xf0\x9f\x98\x82 https://t.co/h4jDS5iZK6'
2020-07-05 18:06:44,"b'RT @usersahadattiya: If lying is an art , this man is an Picasso of it. He is disaster to Nation.\n\n#56InchTummy https://t.co/oj5OpktfLx'"
2020-07-05 18:06:41,b'RT @SpiritOfCongres: Bhakts reaction after seeing #56InchTummy is trending \xf0\x9f\x98\x9c\xf0\x9f\x98\x82\xf0\x9f\x98\x82 https://t.co/h4jDS5iZK6'
2020-07-05 18:06:40,"b'RT @stylistanu: Being a stylist, I can advise Modi on how to hide that #56InchTummy, with few terrific styling tips\xf0\x9f\x98\x8e'"
2020-07-05 18:06:40,"b'RT @srivatsayb: 0.56-inch Chest and a #56InchTummy\n\nMitron, RT if you agree https://t.co/9dlr6z09ek'"
2020-07-05 18:06:36,b'#56InchTummy is a sign of prosperity is much better over https://t.co/AS5TYDT9kS brain of non serious politician and leader of opposition.'
2020-07-05 18:06:35,"b""RT @Political_Doc_: Modi ji after eating whole 'Indian Economy' \n\n\xf0\x9f\x98\x82\xf0\x9f\x98\x82\xf0\x9f\x98\x82\xf0\x9f\x98\x82\n\n#56InchTummy https://t.co/uHPnrKdgFY"""
2020-07-05 18:06:32,"b""RT @Vignesh_TNPYC: One Nation \nOne Mistake !! \n\nDon't trust him and spoil our country's Future .\n\n#56InchTummy https://t.co/vMy0hMIbYk"""
2020-07-05 18:06:31,b'RT @SpiritOfCongres: Bhakts reaction after seeing #56InchTummy is trending \xf0\x9f\x98\x9c\xf0\x9f\x98\x82\xf0\x9f\x98\x82 https://t.co/h4jDS5iZK6'
2020-07-05 18:06:31,b'RT @Vignesh_TNPYC: Surender Darpokdas Modi has 0.56 inch chest and #56InchTummy https://t.co/NNBoJO1CUH'
2020-07-05 18:06:30,b'RT @KrrishDilSe: Favorite beverage: Jhuti Chai\n #56InchTummy\n\nPass it on #56InchTummy'
2020-07-05 18:06:29,"b'RT @Vignesh_TNPYC: If lying is an art , this man is an Picasso of it. He is disaster to Nation.\n\n#56InchTummy https://t.co/aTsJa3zZGH'"
2020-07-05 18:06:29,b'Thank to god soo much we have #56InchTummy as our PM rather than #50yearFoolMan'
2020-07-05 18:06:27,"b""RT @SpiritOfCongres: Spent 10 minutes trying to find out what's real about Modi.\n\nCouldn't find anything except his #56InchTummy"""
2020-07-05 18:06:26,b'RT @R1Ruhi: His #56InchTummy is filled with PMCARES Fund ! https://t.co/moLNTKvfHh'
2020-07-05 18:06:25,b'RT @VK18_ABD17: One Nation\nOne mistake \nOne #56InchTummy https://t.co/QWFrtTdakv'
2020-07-05 18:06:24,b'RT @HRajaOffl: 1\xef\xb8\x8f\xe2\x83\xa3Modi against China when he was in opposition\n\n2\xef\xb8\x8f\xe2\x83\xa3 Modi against China after Galwan Valley attack\n#56InchTummy https://t.co\xe2\x80\xa6'
2020-07-05 18:06:24,"b'RT @srivatsayb: 0.56-inch Chest and a #56InchTummy\n\nMitron, RT if you agree https://t.co/9dlr6z09ek'"
2020-07-05 18:06:23,b'RT @arpitsriv12: Its effect of Mushroom of \xe2\x82\xb910 lakh. \n\n#56InchTummy'
2020-07-05 18:06:23,b'Face of father :- When daughter say she want to marry another religion guy.\n#56InchTummy https://t.co/z23lJNRzUi'
2020-07-05 18:06:23,b'RT @NadeemSyed777: Modi ji in search of the photographer after seeing #56InchTummy trending at #1 \xf0\x9f\x98\x82\xf0\x9f\x98\x82\xf0\x9f\x98\x82 https://t.co/tgrzGUnYpE'
2020-07-05 18:06:22,"b'RT @srivatsayb: 0.56-inch Chest and a #56InchTummy\n\nMitron, RT if you agree https://t.co/9dlr6z09ek'"
2020-07-05 18:06:22,b'RT @HRajaOffl: No of times Modi Named Pakistan for Pulwama attack - 1000+\n\nNo of times Modi named China for Galwan Valley attack - 0\n#56Inc\xe2\x80\xa6'
2020-07-05 18:06:20,"b'RT @VK18_ABD17: They say 56 inch, I hear #56InchTummy \xf0\x9f\x98\x82\xf0\x9f\x98\x82'"
2020-07-05 18:06:20,"b'RT @srivatsayb: 0.56-inch Chest and a #56InchTummy\n\nMitron, RT if you agree https://t.co/9dlr6z09ek'"
2020-07-05 18:06:19,b'RT @Subytweets: 20 Crores for Yoga day ads and 35 Lakh Yoga Video &amp; still #56InchTummy https://t.co/8WI6ZMxvbN'
2020-07-05 18:06:18,b'RT @Vignesh_TNPYC: Surender Darpokdas Modi has 0.56 inch chest and #56InchTummy https://t.co/NNBoJO1CUH'
2020-07-05 18:06:18,"b'RT @srivatsayb: 0.56-inch Chest and a #56InchTummy\n\nMitron, RT if you agree https://t.co/9dlr6z09ek'"
2020-07-05 18:06:15,b'RT @Shekhar50330166: #56InchTummy Competition between 2 for 56 inch tummy https://t.co/YxXvYwcgBg'
2020-07-05 18:06:15,b'RT @VK18_ABD17: One Nation\nOne mistake \nOne #56InchTummy https://t.co/QWFrtTdakv'
2020-07-05 18:06:14,b'RT @Shekhar50330166: #56InchTummy Competition between 2 for 56 inch tummy https://t.co/YxXvYwcgBg'
2020-07-05 18:06:13,"b'RT @Vignesh_TNPYC: If lying is an art , this man is an Picasso of it. He is disaster to Nation.\n\n#56InchTummy https://t.co/aTsJa3zZGH'"
2020-07-05 18:06:13,"b'He has eaten all economy,He has eaten every jobs,he has eaten democracy,he has eaten right to oppose and speech,he\xe2\x80\xa6 https://t.co/nFOHn1PkqT'"
2020-07-05 18:06:11,b'RT @KibaVenisha: DARPOK56INCH \n\n#56InchTummy https://t.co/gcvi0qDNmB'
2020-07-05 18:06:09,b'RT @reshma_alam9: 56 inch tummy \n\n5.6 inch chest \n\n0.000056 inch heart \n\n #56InchTummy'
2020-07-05 18:06:06,b'RT @h_s_Karthik: Will @sambitswaraj read every tweet with #56InchTummy today on TV? https://t.co/qDtAMi8pcW'
2020-07-05 18:06:05,"b'RT @srivatsayb: 0.56-inch Chest and a #56InchTummy\n\nMitron, RT if you agree https://t.co/9dlr6z09ek'"
2020-07-05 18:06:05,"b""RT @Political_Doc_: #56InchTummy\n\n\xf0\x9f\x98\x82\xf0\x9f\x98\x82\xf0\x9f\x98\x82\n. \n\nWhat Bhakt's.                     Reality of \nThink about Modi.              Modi ji https://t.co\xe2\x80\xa6"""
2020-07-05 18:06:03,b'RT @HarmanManchanda: This Body Shaming trend #56InchTummy shows how much Congress/LW/Urban Naxals hate Modi!\n\nStopping so so low \xf0\x9f\xa4\xa6\xe2\x80\x8d\xe2\x99\x82\xef\xb8\x8f\nYes M\xe2\x80\xa6'
2020-07-05 18:06:03,"b""RT @Political_Doc_: Modi ji after eating whole 'Indian Economy' \n\n\xf0\x9f\x98\x82\xf0\x9f\x98\x82\xf0\x9f\x98\x82\xf0\x9f\x98\x82\n\n#56InchTummy https://t.co/uHPnrKdgFY"""
2020-07-05 18:06:00,"b""#56InchTummy  \n                modi's tummy increasing \n\n                 but\n\n                indian territory decreasing"""
2020-07-05 18:06:00,"b""RT @SpiritOfCongres: For all those wondering what his #56InchTummy is filled with...\n\nIt's just Gobar."""
2020-07-05 18:05:59,b'RT @abhijitsapkal1: (Pic 1) What Godi Media pretend about him\n\n(Pic 2) What he is actually!\n\n#56InchTummy https://t.co/QKQOXIgFgO'
2020-07-05 18:05:56,b'RT @Vignesh_TNPYC: Surender Darpokdas Modi has 0.56 inch chest and #56InchTummy https://t.co/NNBoJO1CUH'
2020-07-05 18:05:55,b'RT @R1Ruhi: His #56InchTummy is filled with PMCARES Fund ! https://t.co/moLNTKvfHh'
2020-07-05 18:05:55,b'RT @Subytweets: 20 Crores for Yoga day ads and 35 Lakh Yoga Video &amp; still #56InchTummy https://t.co/8WI6ZMxvbN'
2020-07-05 18:05:54,b'RT @HarmanManchanda: This Body Shaming trend #56InchTummy shows how much Congress/LW/Urban Naxals hate Modi!\n\nStopping so so low \xf0\x9f\xa4\xa6\xe2\x80\x8d\xe2\x99\x82\xef\xb8\x8f\nYes M\xe2\x80\xa6'
2020-07-05 18:05:53,b'RT @R1Ruhi: His #56InchTummy is filled with PMCARES Fund ! https://t.co/moLNTKvfHh'
2020-07-05 18:05:53,"b""RT @AhmedBilal_JK: Straight from horse's mouth \xf0\x9f\x91\x87.\n\n@sambitswaraj accepting on air that Modi's Acting in Leh deserves Oscar Award .\nThanks f\xe2\x80\xa6"""
2020-07-05 18:05:53,b'RT @Subytweets: 20 Crores for Yoga day ads and 35 Lakh Yoga Video &amp; still #56InchTummy https://t.co/8WI6ZMxvbN'
2020-07-05 18:05:52,b'all those peeps bodyshaming modi and trending #56InchTummy today were the ones talking about BLM and nepotism and racism.'
2020-07-05 18:05:50,"b'RT @SpiritOfCongres: Modi\'s 56 inch chest is a farce. \n\nBut #56InchTummy is real. It\'s exactly 56""'"
2020-07-05 18:05:50,b'LOVE him or HATE him both are in his favour!\nIf you LOVE him he will be PM of all\nIf you HATE him he will be PM of\xe2\x80\xa6 https://t.co/QsuHsfdJAG'
2020-07-05 18:05:49,"b'RT @srivatsayb: 0.56-inch Chest and a #56InchTummy\n\nMitron, RT if you agree https://t.co/9dlr6z09ek'"
2020-07-05 18:05:49,"b""RT @Political_Doc_: Modi ji after eating whole 'Indian Economy' \n\n\xf0\x9f\x98\x82\xf0\x9f\x98\x82\xf0\x9f\x98\x82\xf0\x9f\x98\x82\n\n#56InchTummy https://t.co/uHPnrKdgFY"""
2020-07-05 18:05:48,"b""#56InchTummy because a tiny body couldn't store the legendary Personality. \n\n#56InchChest Rocks \xe2\x9c\xa8 https://t.co/cGd8Ryx0Kz"""
2020-07-05 18:05:45,b'RT @Shekhar50330166: #56InchTummy Competition between 2 for 56 inch tummy https://t.co/YxXvYwcgBg'
2020-07-05 18:05:45,"b'RT @srivatsayb: 0.56-inch Chest and a #56InchTummy\n\nMitron, RT if you agree https://t.co/9dlr6z09ek'"
2020-07-05 18:05:44,b'RT @AnshumanSail: Everyone in India is talking about #56InchTummy but will anyone tell me who has this 56 Inch Tummy?'
2020-07-05 18:05:43,b'Congies are running #56InchTummy  now of anyone start talking about #Barbala .? Ye lukkhe dubo dege https://t.co/TkfpCcQBM4'
2020-07-05 18:05:43,"b""RT @Political_Doc_: #56InchTummy\n\n\xf0\x9f\x98\x82\xf0\x9f\x98\x82\xf0\x9f\x98\x82\n. \n\nWhat Bhakt's.                     Reality of \nThink about Modi.              Modi ji https://t.co\xe2\x80\xa6"""
2020-07-05 18:05:42,b'RT @SpiritOfCongres: .. #56InchTummy is filled with demons of 2002.'
2020-07-05 18:05:41,"b""RT @Vignesh_TNPYC: One Nation \nOne Mistake !! \n\nDon't trust him and spoil our country's Future .\n\n#56InchTummy https://t.co/vMy0hMIbYk"""
2020-07-05 18:05:40,"b""RT @Vignesh_TNPYC: One Nation \nOne Mistake !! \n\nDon't trust him and spoil our country's Future .\n\n#56InchTummy https://t.co/vMy0hMIbYk"""
2020-07-05 18:05:40,"b'RT @Deepak_Smg: #56InchTummy trending at No 2 \xf0\x9f\x91\x8d\n\nThank you @srivatsayb ,you brought 56\xe2\x80\x9dchest to 56\xe2\x80\x9d Tummy'"
2020-07-05 18:05:40,"b""RT @SpiritOfCongres: Spent 10 minutes trying to find out what's real about Modi.\n\nCouldn't find anything except his #56InchTummy"""
2020-07-05 18:05:39,b'Pic 1: Most fittest Leader of India.\n\nPic 2: Most unfit leader of India.\n\n#56InchTummy https://t.co/vtyL1jIpK7'
2020-07-05 18:05:38,"b""RT @Vignesh_TNPYC: One Nation \nOne Mistake !! \n\nDon't trust him and spoil our country's Future .\n\n#56InchTummy https://t.co/vMy0hMIbYk"""
2020-07-05 18:05:36,b'RT @SpiritOfCongres: His #56InchTummy is full of hate &amp; bigotry. https://t.co/XgL7YKQdOf'
2020-07-05 18:05:36,"b""RT @Vignesh_TNPYC: One Nation \nOne Mistake !! \n\nDon't trust him and spoil our country's Future .\n\n#56InchTummy https://t.co/vMy0hMIbYk"""
2020-07-05 18:05:36,"b""RT @AhmedBilal_JK: Straight from horse's mouth \xf0\x9f\x91\x87.\n\n@sambitswaraj accepting on air that Modi's Acting in Leh deserves Oscar Award .\nThanks f\xe2\x80\xa6"""
2020-07-05 18:05:36,"b'@dildar12 @sambitswaraj Asking someone who does not know numbers about days, size, sq km, country, chest is waste,\xe2\x80\xa6 https://t.co/QR3Q66NtZm'"
2020-07-05 18:05:35,"b""Looks like our PM didn't participate in International Yoga Day this year \xf0\x9f\x98\x83\xf0\x9f\x98\x83\n#56InchTummy"""
2020-07-05 18:05:35,b'RT @Nation_Wants2no: #56InchTummy is the lockdown effect!\n\n\xf0\x9f\x98\x89'
2020-07-05 18:05:34,b'RT @PriaINC: #56InchTummy trending on NO 1 Nationally \xf0\x9f\x98\x84\xf0\x9f\x98\x84\n\nYayyyy !!!!\xf0\x9f\x8f\x86\xf0\x9f\x8f\x85\xf0\x9f\x91\x8d\xf0\x9f\xa5\xb3\xf0\x9f\x91\x8f\xf0\x9f\x91\x8f https://t.co/Cs9iu9fEol https://t.co/1rl57yBofl'
2020-07-05 18:05:31,b'@abhijitsapkal1 During                           During\nCongress GOVT           BJP GOVT #56InchTummy https://t.co/DlHAb8EfJt'
2020-07-05 18:05:31,"b""RT @Political_Doc_: #56InchTummy\n\n\xf0\x9f\x98\x82\xf0\x9f\x98\x82\xf0\x9f\x98\x82\n. \n\nWhat Bhakt's.                     Reality of \nThink about Modi.              Modi ji https://t.co\xe2\x80\xa6"""
2020-07-05 18:05:30,b'RT @indianeutral: Who really deserves #56InchTummy ? \xf0\x9f\x99\x8f\n\nRT for those Kids \nLike for Modiji https://t.co/NDh1gmd5SN'
2020-07-05 18:05:30,"b'RT @Vignesh_TNPYC: If lying is an art , this man is an Picasso of it. He is disaster to Nation.\n\n#56InchTummy https://t.co/aTsJa3zZGH'"
2020-07-05 18:05:29,b'RT @MalabarHornbill: \xf0\x9d\x97\xa0\xf0\x9d\x97\xbc\xf0\x9d\x97\xb1\xf0\x9d\x97\xb6 \xf0\x9d\x98\x84\xf0\x9d\x97\xae\xf0\x9d\x97\xbb\xf0\x9d\x97\xbb\xf0\x9d\x97\xae \xf0\x9d\x97\xb2\xf0\x9d\x98\x80\xf0\x9d\x97\xb0\xf0\x9d\x97\xae\xf0\x9d\x97\xbd\xf0\x9d\x97\xb2 \xf0\x9d\x97\xb3\xf0\x9d\x97\xbf\xf0\x9d\x97\xbc\xf0\x9d\x97\xba \xf0\x9d\x97\xbf\xf0\x9d\x97\xb2\xf0\x9d\x97\xae\xf0\x9d\x97\xb9\xf0\x9d\x97\xb6\xf0\x9d\x98\x81\xf0\x9d\x98\x86. \n\n #56InchTummy https://t.co/G0aiGSoVs7'
2020-07-05 18:05:29,b'RT @SpiritOfCongres: . #56InchTummy is REAL.\nIt looks like this \xf0\x9f\x91\x87 https://t.co/2tPfyuQ5P4'
2020-07-05 18:05:28,b'RT @VK18_ABD17: #56InchTummy\n\nREEL                     REAL https://t.co/WHOuDD4SQS'
2020-07-05 18:05:28,"b""RT @Political_Doc_: Modi ji after eating whole 'Indian Economy' \n\n\xf0\x9f\x98\x82\xf0\x9f\x98\x82\xf0\x9f\x98\x82\xf0\x9f\x98\x82\n\n#56InchTummy https://t.co/uHPnrKdgFY"""
2020-07-05 18:05:28,"b'RT @SpiritOfCongres: They say 56 inch, I remember tummy.. \xf0\x9f\x98\x82\xf0\x9f\x98\x82\n\n#56InchTummy'"
2020-07-05 18:05:28,b'RT @saraf_pankaj: @sambitswaraj has motivated whole nation to trend #56InchTummy .\n\nWhole nation made it number trend in Twitter.\n\nThanks S\xe2\x80\xa6'
2020-07-05 18:05:27,"b'RT @srivatsayb: 0.56-inch Chest and a #56InchTummy\n\nMitron, RT if you agree https://t.co/9dlr6z09ek'"
2020-07-05 18:05:25,b'RT @BariAlisha: We did it.\xf0\x9f\x98\x82 \xe2\x9d\xa4\xef\xb8\x8f\n Trending on No1 #56InchTummy \n@sambitswaraj now happy? \xf0\x9f\x98\x88 https://t.co/6OyivPPVMf'
2020-07-05 18:05:25,b'RT @Vignesh_TNPYC: Surender Darpokdas Modi has 0.56 inch chest and #56InchTummy https://t.co/NNBoJO1CUH'
2020-07-05 18:05:24,"b'RT @srivatsayb: 0.56-inch Chest and a #56InchTummy\n\nMitron, RT if you agree https://t.co/9dlr6z09ek'"
2020-07-05 18:05:23,b'RT @Nation_Wants2no: Modi has 0.56 chest with                            #56InchTummy\n\nAgree?'
2020-07-05 18:05:22,b'Getting ready for Bihar elections dramatics! #56InchTummy'
2020-07-05 18:05:22,b'RT @h_s_Karthik: \xe2\x9e\xa1\xef\xb8\x8f.@IYC leader @srivatsayb tweets about Modi and calls him 56 inch tummy for surrendering to China.\n\n\xe2\x9e\xa1\xef\xb8\x8fDumbit Swaraj reads\xe2\x80\xa6'
2020-07-05 18:05:21,"b""RT @TigersBloodCell: First time in the history of independent India \n\nA Prime minister's tummy is in spotlight \n\nWah Modi Wah \n\n#56InchTummy"""
2020-07-05 18:05:19,"b'To all those people trending\n #56InchTummy \nHe is our PM ,respect him!\nYou can criticise him but cannot troll him l\xe2\x80\xa6 https://t.co/bWwH6a1AcX'"
2020-07-05 18:05:19,"b'RT @srivatsayb: 0.56-inch Chest and a #56InchTummy\n\nMitron, RT if you agree https://t.co/9dlr6z09ek'"
2020-07-05 18:05:19,"b'RT @srivatsayb: @geetv79 Only guy in the world who does Yoga everyday, eats very less, works 18 hours per day but has #56InchTummy \xf0\x9f\x99\x84'"
2020-07-05 18:05:18,"b'RT @Vignesh_TNPYC: If lying is an art , this man is an Picasso of it. He is disaster to Nation.\n\n#56InchTummy https://t.co/aTsJa3zZGH'"
2020-07-05 18:05:18,"b'The 56 inch chest is a myth, \n\n#56InchTummy is fact.\n\nPass it on. https://t.co/4BDZZSf9Ta'"
2020-07-05 18:05:18,"b'RT @srivatsayb: 0.56-inch Chest and a #56InchTummy\n\nMitron, RT if you agree https://t.co/9dlr6z09ek'"
2020-07-05 18:05:18,b'RT @MalabarHornbill: \xf0\x9d\x97\xa0\xf0\x9d\x97\xbc\xf0\x9d\x97\xb1\xf0\x9d\x97\xb6 \xf0\x9d\x98\x84\xf0\x9d\x97\xae\xf0\x9d\x97\xbb\xf0\x9d\x97\xbb\xf0\x9d\x97\xae \xf0\x9d\x97\xb2\xf0\x9d\x98\x80\xf0\x9d\x97\xb0\xf0\x9d\x97\xae\xf0\x9d\x97\xbd\xf0\x9d\x97\xb2 \xf0\x9d\x97\xb3\xf0\x9d\x97\xbf\xf0\x9d\x97\xbc\xf0\x9d\x97\xba \xf0\x9d\x97\xbf\xf0\x9d\x97\xb2\xf0\x9d\x97\xae\xf0\x9d\x97\xb9\xf0\x9d\x97\xb6\xf0\x9d\x98\x81\xf0\x9d\x98\x86. \n\n #56InchTummy https://t.co/G0aiGSoVs7'
2020-07-05 18:05:17,"b'RT @srivatsayb: 0.56-inch Chest and a #56InchTummy\n\nMitron, RT if you agree https://t.co/9dlr6z09ek'"
2020-07-05 18:05:16,"b'RT @Anees_Speaks: The 56 inch chest is a myth, \n\n#56InchTummy is fact.'"
2020-07-05 18:05:15,b'RT @R1Ruhi: His #56InchTummy is filled with PMCARES Fund ! https://t.co/moLNTKvfHh'
2020-07-05 18:05:14,b'RT @R1Ruhi: His #56InchTummy is filled with PMCARES Fund ! https://t.co/moLNTKvfHh'
2020-07-05 18:05:13,b'RT @Satya_Vachann: Cartoonists at their best! \n\n#56InchTummy https://t.co/pDmown3Rue'
2020-07-05 18:05:12,b'RT @Shekhar50330166: #56InchTummy Competition between 2 for 56 inch tummy https://t.co/YxXvYwcgBg'
2020-07-05 18:05:12,b'RT @Shekhar50330166: #56InchTummy Competition between 2 for 56 inch tummy https://t.co/YxXvYwcgBg'
2020-07-05 18:05:09,b'RT @MunmunSahani: I know the actual reason of \n#56InchTummy \n\n@srivatsayb https://t.co/CMUFlT2PXD'
2020-07-05 18:05:08,"b""RT @VK18_ABD17: @sambitswaraj Thanks for reading out @srivatsayb 's tweet.\n\nRemember his name \xe2\x80\x9cSRIVASTA\xe2\x80\x9d He is the one who is leading from\xe2\x80\xa6"""
2020-07-05 18:05:08,b'RT @PriaINC: #56InchTummy trending on NO 1 Nationally \xf0\x9f\x98\x84\xf0\x9f\x98\x84\n\nYayyyy !!!!\xf0\x9f\x8f\x86\xf0\x9f\x8f\x85\xf0\x9f\x91\x8d\xf0\x9f\xa5\xb3\xf0\x9f\x91\x8f\xf0\x9f\x91\x8f https://t.co/1rl57yBofl'
2020-07-05 18:05:07,b'RT @Shekhar50330166: #56InchTummy Competition between 2 for 56 inch tummy https://t.co/YxXvYwcgBg'
2020-07-05 18:05:07,b'RT @SpiritOfCongres: It is #56InchTummy because he ate so much Chinese recently \xf0\x9f\x98\x9c https://t.co/ZVKzimLRE9'
2020-07-05 18:05:06,b'RT @BariAlisha: We did it.\xf0\x9f\x98\x82 \xe2\x9d\xa4\xef\xb8\x8f\n Trending on No1 #56InchTummy \n@sambitswaraj now happy? \xf0\x9f\x98\x88 https://t.co/6OyivPPVMf'
2020-07-05 18:05:06,b'RT @Mehboobp1: @RahulGandhi PM Modi has failed in every aspect to protect our country be it is Corona viras or border ishue \n\nModi has Surr\xe2\x80\xa6'
2020-07-05 18:05:04,b'RT @SpiritOfCongres: . #56InchTummy is REAL.\nIt looks like this \xf0\x9f\x91\x87 https://t.co/2tPfyuQ5P4'
2020-07-05 18:05:04,"b'RT @Arul_tnpyc: If lying is an art , this man is an Picasso of it. He is disaster to Nation.\n\n#56InchTummy https://t.co/8xqUuVTJ9c'"
2020-07-05 18:05:04,b'RT @HRajaOffl: No of times Modi Named Pakistan for Pulwama attack - 1000+\n\nNo of times Modi named China for Galwan Valley attack - 0\n#56Inc\xe2\x80\xa6'
2020-07-05 18:05:01,"b""RT @SpiritOfCongres: Spent 10 minutes trying to find out what's real about Modi.\n\nCouldn't find anything except his #56InchTummy"""
2020-07-05 18:05:01,b'RT @h_s_Karthik: \xe2\x9e\xa1\xef\xb8\x8f.@IYC leader @srivatsayb tweets about Modi and calls him 56 inch tummy for surrendering to China.\n\n\xe2\x9e\xa1\xef\xb8\x8fDumbit Swaraj reads\xe2\x80\xa6'
2020-07-05 18:05:00,b'RT @SwadeshiINC: Where is the Pm cares fund money going?\nModi ji_ In  my 56  inch tummy.\n\n#56InchTummy https://t.co/6v32rHwwhk'
2020-07-05 18:05:00,b'RT @WeWantRahuI: #56InchTummy\n\nTrending at No.1 ?\xf0\x9f\xa4\x94'
2020-07-05 18:05:00,b'RT @SpiritOfCongres: His #56InchTummy is full of hate &amp; bigotry. https://t.co/XgL7YKQdOf'
2020-07-05 18:04:59,b'RT @SwadeshiINC: Where is the Pm cares fund money going?\nModi ji_ In  my 56  inch tummy.\n\n#56InchTummy https://t.co/6v32rHwwhk'
2020-07-05 18:04:56,b'RT @AutoRaja1212: When Modi government gives up the scientific way of fighting #coronavirus\nthey have indulged in voodoo and some illogical\xe2\x80\xa6'
2020-07-05 18:04:56,b'During                           During\nCongress GOVT           BJP GOVT #56InchTummy https://t.co/9WKfB409xW'
2020-07-05 18:04:55,"b""RT @SandeepsRissam: For those who were flooding the internet with Superhuman powers of someone's #56InchTummy , age and breathing at 10000\xe2\x80\xa6"""
2020-07-05 18:04:55,"b'RT @srivatsayb: 0.56-inch Chest and a #56InchTummy\n\nMitron, RT if you agree https://t.co/9dlr6z09ek'"
2020-07-05 18:04:53,"b'Name : Surrender Modi\n\nIdentification: #56InchTummy \n\nJob: Lying, Mass Murdering, Creating Riots\n\nRelationship:In a\xe2\x80\xa6 https://t.co/0WO7idt8Oe'"
2020-07-05 18:04:53,b'21 Day Promised \xf0\x9f\x91\x87\xf0\x9f\x98\x8f #56InchTummy https://t.co/NXegGehLll'
2020-07-05 18:04:52,b'RT @SpiritOfCongres: Bhakts reaction after seeing #56InchTummy is trending \xf0\x9f\x98\x9c\xf0\x9f\x98\x82\xf0\x9f\x98\x82 https://t.co/h4jDS5iZK6'
2020-07-05 18:04:51,b'RT @Deepak_Smg: Photoshop                   Reality \n\n#56InchTummy \xf0\x9f\xa4\xa3\xf0\x9f\xa4\xa3\xf0\x9f\xa4\xa3 https://t.co/UzeNmpzGP4'
2020-07-05 18:04:51,"b""RT @geetv79: It's very clear why an animated cartoon is needed perform yoga \n\n#56InchTummy finds it so much easier to just lecture us about\xe2\x80\xa6"""
2020-07-05 18:04:50,"b'RT @srivatsayb: 0.56-inch Chest and a #56InchTummy\n\nMitron, RT if you agree https://t.co/9dlr6z09ek'"
2020-07-05 18:04:50,b'RT @PriaINC: #56InchTummy trending on NO 1 Nationally \xf0\x9f\x98\x84\xf0\x9f\x98\x84\n\nYayyyy !!!!\xf0\x9f\x8f\x86\xf0\x9f\x8f\x85\xf0\x9f\x91\x8d\xf0\x9f\xa5\xb3\xf0\x9f\x91\x8f\xf0\x9f\x91\x8f https://t.co/1rl57yBofl'
2020-07-05 18:04:50,"b""RT @SpiritOfCongres: Spent 10 minutes trying to find out what's real about Modi.\n\nCouldn't find anything except his #56InchTummy"""
2020-07-05 18:04:49,b'RT @HRajaOffl: 1\xef\xb8\x8f\xe2\x83\xa3Modi against China when he was in opposition\n\n2\xef\xb8\x8f\xe2\x83\xa3 Modi against China after Galwan Valley attack\n#56InchTummy https://t.co\xe2\x80\xa6'
2020-07-05 18:04:49,"b""RT @Political_Doc_: Modi ji after eating whole 'Indian Economy' \n\n\xf0\x9f\x98\x82\xf0\x9f\x98\x82\xf0\x9f\x98\x82\xf0\x9f\x98\x82\n\n#56InchTummy https://t.co/uHPnrKdgFY"""
2020-07-05 18:04:48,b'RT @AutoRaja1212: Did the Chinese Mushroom effect the #56InchTummy to give away #GalwanValley ? https://t.co/yXkR5suQWX'
2020-07-05 18:04:46,"b'RT @TribeccaAngie: Hey @zainabsikander,\nIs it just me or is he looking really hawt n Saxii?\xf0\x9f\xa5\xb5\n\n#56InchTummy https://t.co/CJaNXg7VzZ'"
2020-07-05 18:04:46,"b""RT @geetv79: It's very clear why an animated cartoon is needed perform yoga \n\n#56InchTummy finds it so much easier to just lecture us about\xe2\x80\xa6"""
2020-07-05 18:04:45,b'#56InchTummy I think it\xe2\x80\x99s perfect effect of #yoga an I right #Dalal #Kamdev @yogrishiramdev \xf0\x9f\xa4\x94 @narendramodi\xe2\x80\xa6 https://t.co/icmODd0QhS'
2020-07-05 18:04:44,"b'RT @saraf_pankaj: We are at the bottom 10 in happiness index.\n\nBecause this #56InchTummy incubated the hate, bigory and riots for our count\xe2\x80\xa6'"
2020-07-05 18:04:43,b'RT @retheeshraj10: Expectation.                         Reality #56InchTummy https://t.co/Vpw9xicSsx'
2020-07-05 18:04:43,"b'RT @saurabhpawarinc: 0.56-inch Chest and a #56InchTummy\n\nMitron, RT if you agree https://t.co/7vGWPgpH5C'"
2020-07-05 18:04:42,b'#56InchTummy\nPM Modi ji Give birth to five daughter named NoteBandi/GST/Unemployment/Inflation/Recession in five ye\xe2\x80\xa6 https://t.co/vco8dlxZgP'
2020-07-05 18:04:42,b'RT @AutoRaja1212: Did the Chinese Mushroom effect the #56InchTummy to give away #GalwanValley ? https://t.co/yXkR5suQWX'
2020-07-05 18:04:38,"b""RT @Vignesh_TNPYC: One Nation \nOne Mistake !! \n\nDon't trust him and spoil our country's Future .\n\n#56InchTummy https://t.co/vMy0hMIbYk"""
2020-07-05 18:04:37,b'RT @h_s_Karthik: Will @sambitswaraj read every tweet with #56InchTummy today on TV? https://t.co/qDtAMi8pcW'
2020-07-05 18:04:35,b'RT @RafaTweets_: What to expect from Modi other than PR gimmicks?!\n#56InchTummy \n\nhttps://t.co/zBeldwjvIz'
2020-07-05 18:04:34,b'#56InchTummy you cannot sell #Ladakh to China. #ModiStopSellingLadakh or else people of India will come on roads an\xe2\x80\xa6 https://t.co/rvOQd1IhDQ'
2020-07-05 18:04:33,"b""RT @Political_Doc_: Modi ji after eating whole 'Indian Economy' \n\n\xf0\x9f\x98\x82\xf0\x9f\x98\x82\xf0\x9f\x98\x82\xf0\x9f\x98\x82\n\n#56InchTummy https://t.co/uHPnrKdgFY"""
2020-07-05 18:04:29,b'T177 - #56InchTummy\n\n56+3= 59 inch yours @narendramodi?\n\nCc-@republic @ndtv @bbc @cnn @IndiaToday @TimesNow\xe2\x80\xa6 https://t.co/SeXtEeZLL7'
2020-07-05 18:04:28,b'RT @AutoRaja1212: Did the Chinese Mushroom effect the #56InchTummy to give away #GalwanValley ? https://t.co/yXkR5suQWX'
2020-07-05 18:04:27,"b'RT @LaluYadavRJD_: 4 months lockdown, 200 million job loss, lowest tests per million and the result is 3rd highest Corona cases in the worl\xe2\x80\xa6'"
2020-07-05 18:04:25,b'RT @AabidMagami: China\xe2\x80\x99s share in India\xe2\x80\x99s imports (%): \n\nToys: 75%\nDrugs APIs: 68%\nSolar Cells: 78%\nCapital Goods: 55%\nElectrical &amp; Electro\xe2\x80\xa6'
2020-07-05 18:04:23,b'RT @dubeyamitabh: PM Manmohan Singh visited Siachen on 12 Jun 2005 with little fanfare. That\xe2\x80\x99s 19 km from the frontline at Gyong La and 66\xe2\x80\xa6'
2020-07-05 18:04:22,"b'RT @SpiritOfCongres: They say 56 inch, I remember tummy.. \xf0\x9f\x98\x82\xf0\x9f\x98\x82\n\n#56InchTummy'"
2020-07-05 18:04:21,b'RT @PriaINC: #56InchTummy trending on NO 1 Nationally \xf0\x9f\x98\x84\xf0\x9f\x98\x84\n\nYayyyy !!!!\xf0\x9f\x8f\x86\xf0\x9f\x8f\x85\xf0\x9f\x91\x8d\xf0\x9f\xa5\xb3\xf0\x9f\x91\x8f\xf0\x9f\x91\x8f https://t.co/1rl57yBofl'
2020-07-05 18:04:19,"b'RT @srivatsayb: @geetv79 Only guy in the world who does Yoga everyday, eats very less, works 18 hours per day but has #56InchTummy \xf0\x9f\x99\x84'"
2020-07-05 18:04:18,b'RT @Subytweets: 20 Crores for Yoga day ads and 35 Lakh Yoga Video &amp; still #56InchTummy https://t.co/8WI6ZMxvbN'
2020-07-05 18:04:16,b'RT @ShamaAnjumak: #56InchTummy\n\nREEL.                                      REAL https://t.co/WQpJn25Ue0'
2020-07-05 18:04:16,b'Yoga Shilpa Shetty aur Baba Ramdev par chodd do...unhe dekhkar motivation bhi milti hai\xf0\x9f\x98\x82\xf0\x9f\x98\x82\xf0\x9f\x98\x82\nDear Netas focus on runn\xe2\x80\xa6 https://t.co/mj6TzayGb9'
2020-07-05 18:04:15,b'RT @AnshumanSail: Everyone in India is talking about #56InchTummy but will anyone tell me who has this 56 Inch Tummy?'
2020-07-05 18:04:15,"b'RT @srivatsayb: @geetv79 Only guy in the world who does Yoga everyday, eats very less, works 18 hours per day but has #56InchTummy \xf0\x9f\x99\x84'"
2020-07-05 18:04:14,"b'RT @srivatsayb: 0.56-inch Chest and a #56InchTummy\n\nMitron, RT if you agree https://t.co/9dlr6z09ek'"
2020-07-05 18:04:13,"b'RT @SpiritOfCongres: They say 56 inch, I remember tummy.. \xf0\x9f\x98\x82\xf0\x9f\x98\x82\n\n#56InchTummy'"
2020-07-05 18:04:11,"b'RT @SpiritOfCongres: They say 56 inch, I remember tummy.. \xf0\x9f\x98\x82\xf0\x9f\x98\x82\n\n#56InchTummy'"
2020-07-05 18:04:11,"b'RT @srivatsayb: 0.56-inch Chest and a #56InchTummy\n\nMitron, RT if you agree https://t.co/9dlr6z09ek'"
2020-07-05 18:04:09,b'RT @Deepak_Smg: Photoshop                   Reality \n\n#56InchTummy \xf0\x9f\xa4\xa3\xf0\x9f\xa4\xa3\xf0\x9f\xa4\xa3 https://t.co/UzeNmpzGP4'
2020-07-05 18:04:07,b'RT @Subytweets: Why is #56InchTummy trending? https://t.co/0knVWmF1AL'
2020-07-05 18:04:03,"b""RT @Vignesh_TNPYC: One Nation \nOne Mistake !! \n\nDon't trust him and spoil our country's Future .\n\n#56InchTummy https://t.co/vMy0hMIbYk"""
2020-07-05 18:04:03,b'RT @HRajaOffl: No of times Modi Named Pakistan for Pulwama attack - 1000+\n\nNo of times Modi named China for Galwan Valley attack - 0\n#56Inc\xe2\x80\xa6'
2020-07-05 18:04:03,b'RT @AabidMagami: China\xe2\x80\x99s share in India\xe2\x80\x99s imports (%): \n\nToys: 75%\nDrugs APIs: 68%\nSolar Cells: 78%\nCapital Goods: 55%\nElectrical &amp; Electro\xe2\x80\xa6'
2020-07-05 18:04:03,b'RT @h_s_Karthik: \xe2\x9e\xa1\xef\xb8\x8f.@IYC leader @srivatsayb tweets about Modi and calls him 56 inch tummy for surrendering to China.\n\n\xe2\x9e\xa1\xef\xb8\x8fDumbit Swaraj reads\xe2\x80\xa6'
2020-07-05 18:04:02,b'RT @HRajaOffl: No of times Modi Named Pakistan for Pulwama attack - 1000+\n\nNo of times Modi named China for Galwan Valley attack - 0\n#56Inc\xe2\x80\xa6'
2020-07-05 18:04:01,"b'Reason behind 56 inch tummy\n1)EAT PM CARES FUND\n2)EAT GOVT ASSET\n3)EAT ECONOMY\n4)Final and most interesting, try to\xe2\x80\xa6 https://t.co/cKlljq4Ald'"
2020-07-05 18:04:01,"b'RT @deeelighted: #56InchTummy is trending number 1 in India, all thanks to Dumbwit Patra.'"
2020-07-05 18:03:59,"b""RT @geetv79: It's very clear why an animated cartoon is needed perform yoga \n\n#56InchTummy finds it so much easier to just lecture us about\xe2\x80\xa6"""
2020-07-05 18:03:59,"b'RT @srivatsayb: 0.56-inch Chest and a #56InchTummy\n\nMitron, RT if you agree https://t.co/9dlr6z09ek'"
2020-07-05 18:03:57,b'RT @Subytweets: Why is #56InchTummy trending? https://t.co/0knVWmF1AL'
2020-07-05 18:03:57,b'RT @HRajaOffl: 1\xef\xb8\x8f\xe2\x83\xa3Modi against China when he was in opposition\n\n2\xef\xb8\x8f\xe2\x83\xa3 Modi against China after Galwan Valley attack\n#56InchTummy https://t.co\xe2\x80\xa6'
2020-07-05 18:03:56,b'RT @VK18_ABD17: #56InchTummy\n\nREEL                     REAL https://t.co/WHOuDD4SQS'
2020-07-05 18:03:56,b'RT @shrmajii: #56InchTummy Is trending on one \nLe bhakts rn- https://t.co/2K3vns25tQ'
2020-07-05 18:03:55,"b'RT @Vignesh_TNPYC: If lying is an art , this man is an Picasso of it. He is disaster to Nation.\n\n#56InchTummy https://t.co/aTsJa3zZGH'"
2020-07-05 18:03:53,"b'Salute to all @INCIndia spokespeople @Pawankhera, @LambaAlka @GouravVallabh, @AkhileshPSingh @SupriyaShrinate,\xe2\x80\xa6 https://t.co/nxXmyH2o90'"
2020-07-05 18:03:52,"b""RT @Political_Doc_: #56InchTummy\n\n\xf0\x9f\x98\x82\xf0\x9f\x98\x82\xf0\x9f\x98\x82\n. \n\nWhat Bhakt's.                     Reality of \nThink about Modi.              Modi ji https://t.co\xe2\x80\xa6"""
2020-07-05 18:03:51,b'RT @dubeyamitabh: PM Manmohan Singh visited Siachen on 12 Jun 2005 with little fanfare. That\xe2\x80\x99s 19 km from the frontline at Gyong La and 66\xe2\x80\xa6'
2020-07-05 18:03:50,b'RT @PriaINC: #56InchTummy trending on NO 1 Nationally \xf0\x9f\x98\x84\xf0\x9f\x98\x84\n\nYayyyy !!!!\xf0\x9f\x8f\x86\xf0\x9f\x8f\x85\xf0\x9f\x91\x8d\xf0\x9f\xa5\xb3\xf0\x9f\x91\x8f\xf0\x9f\x91\x8f https://t.co/1rl57yBofl'
2020-07-05 18:03:49,b'He fails in everything from demonetization to corona and now on China.\nAur sb bech rahe hai bhaii railways ko bech\xe2\x80\xa6 https://t.co/2n3Se1fbxw'
2020-07-05 18:03:49,b'RT @RakshaRamaiah: Is this #56InchTummy ?! https://t.co/Kp8fyCEAMy'
2020-07-05 18:03:48,"b'RT @srivatsayb: 0.56-inch Chest and a #56InchTummy\n\nMitron, RT if you agree https://t.co/9dlr6z09ek'"
2020-07-05 18:03:48,b'RT @BariAlisha: We did it.\xf0\x9f\x98\x82 \xe2\x9d\xa4\xef\xb8\x8f\n Trending on No1 #56InchTummy \n@sambitswaraj now happy? \xf0\x9f\x98\x88 https://t.co/6OyivPPVMf'
2020-07-05 18:03:47,b'RT @SpiritOfCongres: .. #56InchTummy is filled with demons of 2002.'
2020-07-05 18:03:45,b'RT @SpiritOfCongres: . #56InchTummy is REAL.\nIt looks like this \xf0\x9f\x91\x87 https://t.co/2tPfyuQ5P4'
2020-07-05 18:03:44,b'RT @BariAlisha: We did it.\xf0\x9f\x98\x82 \xe2\x9d\xa4\xef\xb8\x8f\n Trending on No1 #56InchTummy \n@sambitswaraj now happy? \xf0\x9f\x98\x88 https://t.co/6OyivPPVMf'
2020-07-05 18:03:43,"b'RT @srivatsayb: 0.56-inch Chest and a #56InchTummy\n\nMitron, RT if you agree https://t.co/9dlr6z09ek'"
2020-07-05 18:03:42,b'RT @HarmanManchanda: This Body Shaming trend #56InchTummy shows how much Congress/LW/Urban Naxals hate Modi!\n\nStopping so so low \xf0\x9f\xa4\xa6\xe2\x80\x8d\xe2\x99\x82\xef\xb8\x8f\nYes M\xe2\x80\xa6'
2020-07-05 18:03:42,"b'RT @srivatsayb: 0.56-inch Chest and a #56InchTummy\n\nMitron, RT if you agree https://t.co/9dlr6z09ek'"
2020-07-05 18:03:41,b'@abhijitsapkal1 . #56InchTummy is REAL.\nIt looks like this \xf0\x9f\x91\x87 https://t.co/yaLwNz5efu'
2020-07-05 18:03:41,"b""RT @AhmedBilal_JK: Straight from horse's mouth \xf0\x9f\x91\x87.\n\n@sambitswaraj accepting on air that Modi's Acting in Leh deserves Oscar Award .\nThanks f\xe2\x80\xa6"""
2020-07-05 18:03:39,b'RT @Soubinsivan: #56InchTummy\n\nTrending No. 1 in India \xf0\x9f\xa4\xad\n\nBhakts reaction https://t.co/gdfIkVQPAz'
2020-07-05 18:03:39,"b""RT @Political_Doc_: #56InchTummy\n\n\xf0\x9f\x98\x82\xf0\x9f\x98\x82\xf0\x9f\x98\x82\n. \n\nWhat Bhakt's.                     Reality of \nThink about Modi.              Modi ji https://t.co\xe2\x80\xa6"""
2020-07-05 18:03:38,b'RT @SpiritOfCongres: Bhakts reaction after seeing #56InchTummy is trending \xf0\x9f\x98\x9c\xf0\x9f\x98\x82\xf0\x9f\x98\x82 https://t.co/h4jDS5iZK6'
2020-07-05 18:03:38,"b'RT @saraf_pankaj: We are at the bottom 10 in happiness index.\n\nBecause this #56InchTummy incubated the hate, bigory and riots for our count\xe2\x80\xa6'"
2020-07-05 18:03:37,"b'RT @srivatsayb: 0.56-inch Chest and a #56InchTummy\n\nMitron, RT if you agree https://t.co/9dlr6z09ek'"
2020-07-05 18:03:37,b'RT @VK18_ABD17: I doubt Even DOREMON @sambitswaraj must have tweeted with #56InchTummy \xf0\x9f\x98\x86 https://t.co/pGvwcKfzQt'
2020-07-05 18:03:36,b'RT @sayandatta07: Bhatks said he had 56 inch ka sina but it seems has #56InchTummy. https://t.co/QDAQeuvk6d'
2020-07-05 18:03:35,b'RT @HRajaOffl: No of times Modi Named Pakistan for Pulwama attack - 1000+\n\nNo of times Modi named China for Galwan Valley attack - 0\n#56Inc\xe2\x80\xa6'
2020-07-05 18:03:34,b'RT @NadeemSyed777: Modi ji in search of the photographer after seeing #56InchTummy trending at #1 \xf0\x9f\x98\x82\xf0\x9f\x98\x82\xf0\x9f\x98\x82 https://t.co/tgrzGUnYpE'
2020-07-05 18:03:33,b'RT @Shekhar50330166: #56InchTummy Competition between 2 for 56 inch tummy https://t.co/YxXvYwcgBg'
2020-07-05 18:03:33,"b'RT @Anees_Speaks: The 56 inch chest is a myth, \n\n#56InchTummy is fact.'"
2020-07-05 18:03:31,"b'RT @Sureshm70187610: 0.56-inch Chest and a #56InchTummy\n\nMitron, RT if you agree https://t.co/nnzgS9MTwe'"
2020-07-05 18:03:31,"b""RT @Political_Doc_: Modi ji after eating whole 'Indian Economy' \n\n\xf0\x9f\x98\x82\xf0\x9f\x98\x82\xf0\x9f\x98\x82\xf0\x9f\x98\x82\n\n#56InchTummy https://t.co/uHPnrKdgFY"""
2020-07-05 18:03:28,b'- Just wait a little more. \n- Today they\xe2\x80\x99re tweeting on PM\xe2\x80\x99s \xf0\x9f\x91\x89\xf0\x9f\x8f\xbb #56InchTummy\n- Tomorrow they\xe2\x80\x99ll be tweeting on the\xe2\x80\xa6 https://t.co/B2JPB3zjAT'
2020-07-05 18:03:28,"b'RT @Deepak_Smg: #56InchTummy trending at No 2 \xf0\x9f\x91\x8d\n\nThank you @srivatsayb ,you brought 56\xe2\x80\x9dchest to 56\xe2\x80\x9d Tummy'"
2020-07-05 18:03:27,b'MLA Rais Shaikh from Bhiwandi cannot hold an umbrella and want #MumbaiPolice to hold an umbrella for him\xe2\x80\xa6 https://t.co/Mgqp7dcOiv'
2020-07-05 18:03:27,"b""RT @SpiritOfCongres: For all those wondering what his #56InchTummy is filled with...\n\nIt's just Gobar."""
2020-07-05 18:03:26,"b'RT @srivatsayb: 0.56-inch Chest and a #56InchTummy\n\nMitron, RT if you agree https://t.co/9dlr6z09ek'"
2020-07-05 18:03:26,b'#Bihar #people please realize... choose your #NEXT leader wisely....\n\n#56InchTummy #BJPfailsCoronaFight\xe2\x80\xa6 https://t.co/a6pz8iKvX7'
2020-07-05 18:03:26,b'RT @Mehboobp1: @RahulGandhi PM Modi has failed in every aspect to protect our country be it is Corona viras or border ishue \n\nModi has Surr\xe2\x80\xa6'
2020-07-05 18:03:20,b'RT @BariAlisha: We did it.\xf0\x9f\x98\x82 \xe2\x9d\xa4\xef\xb8\x8f\n Trending on No1 #56InchTummy \n@sambitswaraj now happy? \xf0\x9f\x98\x88 https://t.co/6OyivPPVMf'
2020-07-05 18:03:19,b'RT @MalabarHornbill: \xf0\x9d\x97\xa0\xf0\x9d\x97\xbc\xf0\x9d\x97\xb1\xf0\x9d\x97\xb6 \xf0\x9d\x98\x84\xf0\x9d\x97\xae\xf0\x9d\x97\xbb\xf0\x9d\x97\xbb\xf0\x9d\x97\xae \xf0\x9d\x97\xb2\xf0\x9d\x98\x80\xf0\x9d\x97\xb0\xf0\x9d\x97\xae\xf0\x9d\x97\xbd\xf0\x9d\x97\xb2 \xf0\x9d\x97\xb3\xf0\x9d\x97\xbf\xf0\x9d\x97\xbc\xf0\x9d\x97\xba \xf0\x9d\x97\xbf\xf0\x9d\x97\xb2\xf0\x9d\x97\xae\xf0\x9d\x97\xb9\xf0\x9d\x97\xb6\xf0\x9d\x98\x81\xf0\x9d\x98\x86. \n\n #56InchTummy https://t.co/G0aiGSoVs7'
2020-07-05 18:03:18,b'RT @SpiritOfCongres: Bhakts reaction after seeing #56InchTummy is trending \xf0\x9f\x98\x9c\xf0\x9f\x98\x82\xf0\x9f\x98\x82 https://t.co/h4jDS5iZK6'
2020-07-05 18:03:17,b'RT @MalabarHornbill: \xf0\x9d\x97\xa0\xf0\x9d\x97\xbc\xf0\x9d\x97\xb1\xf0\x9d\x97\xb6 \xf0\x9d\x98\x84\xf0\x9d\x97\xae\xf0\x9d\x97\xbb\xf0\x9d\x97\xbb\xf0\x9d\x97\xae \xf0\x9d\x97\xb2\xf0\x9d\x98\x80\xf0\x9d\x97\xb0\xf0\x9d\x97\xae\xf0\x9d\x97\xbd\xf0\x9d\x97\xb2 \xf0\x9d\x97\xb3\xf0\x9d\x97\xbf\xf0\x9d\x97\xbc\xf0\x9d\x97\xba \xf0\x9d\x97\xbf\xf0\x9d\x97\xb2\xf0\x9d\x97\xae\xf0\x9d\x97\xb9\xf0\x9d\x97\xb6\xf0\x9d\x98\x81\xf0\x9d\x98\x86. \n\n #56InchTummy https://t.co/G0aiGSoVs7'
2020-07-05 18:03:17,"b""RT @geetv79: It's very clear why an animated cartoon is needed perform yoga \n\n#56InchTummy finds it so much easier to just lecture us about\xe2\x80\xa6"""
2020-07-05 18:03:16,b'RT @SpiritOfCongres: His #56InchTummy is full of hate &amp; bigotry. https://t.co/XgL7YKQdOf'
2020-07-05 18:03:14,"b""RT @geetv79: It's very clear why an animated cartoon is needed perform yoga \n\n#56InchTummy finds it so much easier to just lecture us about\xe2\x80\xa6"""
2020-07-05 18:03:12,b'RT @SpiritOfCongres: Bhakts reaction after seeing #56InchTummy is trending \xf0\x9f\x98\x9c\xf0\x9f\x98\x82\xf0\x9f\x98\x82 https://t.co/h4jDS5iZK6'
2020-07-05 18:03:12,b'RT @Deepak_Smg: Photoshop                   Reality \n\n#56InchTummy \xf0\x9f\xa4\xa3\xf0\x9f\xa4\xa3\xf0\x9f\xa4\xa3 https://t.co/UzeNmpzGP4'
2020-07-05 18:03:09,"b""RT @AhmedBilal_JK: Straight from horse's mouth \xf0\x9f\x91\x87.\n\n@sambitswaraj accepting on air that Modi's Acting in Leh deserves Oscar Award .\nThanks f\xe2\x80\xa6"""
2020-07-05 18:03:08,"b""RT @Political_Doc_: Modi ji after eating whole 'Indian Economy' \n\n\xf0\x9f\x98\x82\xf0\x9f\x98\x82\xf0\x9f\x98\x82\xf0\x9f\x98\x82\n\n#56InchTummy https://t.co/uHPnrKdgFY"""
2020-07-05 18:03:06,b'RT @AnshumanSail: Everyone in India is talking about #56InchTummy but will anyone tell me who has this 56 Inch Tummy?'
2020-07-05 18:03:05,"b""RT @Political_Doc_: Modi ji after eating whole 'Indian Economy' \n\n\xf0\x9f\x98\x82\xf0\x9f\x98\x82\xf0\x9f\x98\x82\xf0\x9f\x98\x82\n\n#56InchTummy https://t.co/uHPnrKdgFY"""
2020-07-05 18:03:04,"b'RT @srivatsayb: 0.56-inch Chest and a #56InchTummy\n\nMitron, RT if you agree https://t.co/9dlr6z09ek'"
2020-07-05 18:03:04,b'RT @MalabarHornbill: \xf0\x9d\x97\xa0\xf0\x9d\x97\xbc\xf0\x9d\x97\xb1\xf0\x9d\x97\xb6 \xf0\x9d\x98\x84\xf0\x9d\x97\xae\xf0\x9d\x97\xbb\xf0\x9d\x97\xbb\xf0\x9d\x97\xae \xf0\x9d\x97\xb2\xf0\x9d\x98\x80\xf0\x9d\x97\xb0\xf0\x9d\x97\xae\xf0\x9d\x97\xbd\xf0\x9d\x97\xb2 \xf0\x9d\x97\xb3\xf0\x9d\x97\xbf\xf0\x9d\x97\xbc\xf0\x9d\x97\xba \xf0\x9d\x97\xbf\xf0\x9d\x97\xb2\xf0\x9d\x97\xae\xf0\x9d\x97\xb9\xf0\x9d\x97\xb6\xf0\x9d\x98\x81\xf0\x9d\x98\x86. \n\n #56InchTummy https://t.co/G0aiGSoVs7'
2020-07-05 18:03:02,b'RT @VinayDokania: Petrol Diesel Taxes\n\nDuring                           During\nCongress GOVT           BJP GOVT #56InchTummy https://t.co/z\xe2\x80\xa6'
2020-07-05 18:03:02,b'RT @adityaojha075: BIG BREAKING: In a report it was found that reviving Indian economy is easier than expecting intelligence from Sambit Pa\xe2\x80\xa6'
2020-07-05 18:03:01,b'RT @SpiritOfCongres: . #56InchTummy is REAL.\nIt looks like this \xf0\x9f\x91\x87 https://t.co/2tPfyuQ5P4'
2020-07-05 18:03:01,b'RT @Subytweets: 20 Crores for Yoga day ads and 35 Lakh Yoga Video &amp; still #56InchTummy https://t.co/8WI6ZMxvbN'
2020-07-05 18:03:01,b'RT @saraf_pankaj: @sambitswaraj has motivated whole nation to trend #56InchTummy .\n\nWhole nation made it number trend in Twitter.\n\nThanks S\xe2\x80\xa6'
2020-07-05 18:03:00,b'RT @RoopsSaxena: @srivatsayb It was a media created fake 56 inch.\n\nNow China punctured the gas bag and only remains\n\n#56InchTummy'
2020-07-05 18:03:00,"b""RT @Political_Doc_: Modi ji after eating whole 'Indian Economy' \n\n\xf0\x9f\x98\x82\xf0\x9f\x98\x82\xf0\x9f\x98\x82\xf0\x9f\x98\x82\n\n#56InchTummy https://t.co/uHPnrKdgFY"""
2020-07-05 18:03:00,b'RT @AnshumanSail: Everyone in India is talking about #56InchTummy but will anyone tell me who has this 56 Inch Tummy?'
2020-07-05 18:02:59,"b'RT @srivatsayb: 0.56-inch Chest and a #56InchTummy\n\nMitron, RT if you agree https://t.co/9dlr6z09ek'"
2020-07-05 18:02:59,b'RT @libtardu_: Caption this \n\xf0\x9f\x98\x9c\xf0\x9f\x98\x82\xf0\x9f\x98\x82\n\n#56InchTummy https://t.co/KCfWLqNyFE'
2020-07-05 18:02:58,"b""RT @geetv79: It's very clear why an animated cartoon is needed perform yoga \n\n#56InchTummy finds it so much easier to just lecture us about\xe2\x80\xa6"""
2020-07-05 18:02:55,"b'RT @saraf_pankaj: We are at the bottom 10 in happiness index.\n\nBecause this #56InchTummy incubated the hate, bigory and riots for our count\xe2\x80\xa6'"
2020-07-05 18:02:55,"b'RT @Anees_Speaks: The 56 inch chest is a myth, \n\n#56InchTummy is fact.'"
2020-07-05 18:02:53,b'RT @retheeshraj10: Expectation.                         Reality #56InchTummy https://t.co/Vpw9xicSsx'
2020-07-05 18:02:53,"b'RT @Vignesh_TNPYC: If lying is an art , this man is an Picasso of it. He is disaster to Nation.\n\n#56InchTummy https://t.co/aTsJa3zZGH'"
2020-07-05 18:02:51,"b'RT @srivatsayb: 0.56-inch Chest and a #56InchTummy\n\nMitron, RT if you agree https://t.co/9dlr6z09ek'"
2020-07-05 18:02:51,"b'RT @srivatsayb: 0.56-inch Chest and a #56InchTummy\n\nMitron, RT if you agree https://t.co/9dlr6z09ek'"
2020-07-05 18:02:51,b'56 inch should be considered for miss india instead of 24. #56InchTummy'
2020-07-05 18:02:51,b'RT @HRajaOffl: 1\xef\xb8\x8f\xe2\x83\xa3Modi against China when he was in opposition\n\n2\xef\xb8\x8f\xe2\x83\xa3 Modi against China after Galwan Valley attack\n#56InchTummy https://t.co\xe2\x80\xa6'
2020-07-05 18:02:49,b'RT @libtardu_: Caption this \n\xf0\x9f\x98\x9c\xf0\x9f\x98\x82\xf0\x9f\x98\x82\n\n#56InchTummy https://t.co/KCfWLqNyFE'
2020-07-05 18:02:49,b'RT @h_s_Karthik: Sri @RahulGandhi warned about #Covid in the month of February.\nBut #56InchTummy was busy eating Litti Choka and neglected\xe2\x80\xa6'
2020-07-05 18:02:49,b'RT @prathapradio: Filled by PM cares fund..!\n\n#56InchTummy https://t.co/XYG3jBKdD4'
2020-07-05 18:02:47,b'RT @R1Ruhi: His #56InchTummy is filled with PMCARES Fund ! https://t.co/moLNTKvfHh'
2020-07-05 18:02:47,b'For Congress\nModiji have :- #56InchTummy \nIn reality :- Pappu have #56GramBrain.'
2020-07-05 18:02:46,b'RT @Shekhar50330166: #56InchTummy Competition between 2 for 56 inch tummy https://t.co/YxXvYwcgBg'
2020-07-05 18:02:44,b'From being anti-modi to\nBody shaming modi.\n#56InchTummy'
2020-07-05 18:02:44,"b""RT @Vignesh_TNPYC: One Nation \nOne Mistake !! \n\nDon't trust him and spoil our country's Future .\n\n#56InchTummy https://t.co/vMy0hMIbYk"""
2020-07-05 18:02:41,b'RT @ShamaAnjumak: #56InchTummy\n\nREEL.                                      REAL https://t.co/WQpJn25Ue0'
2020-07-05 18:02:41,b'RT @adityaojha075: BIG BREAKING: In a report it was found that reviving Indian economy is easier than expecting intelligence from Sambit Pa\xe2\x80\xa6'
2020-07-05 18:02:40,b'RT @AutoRaja1212: When Modi government gives up the scientific way of fighting #coronavirus\nthey have indulged in voodoo and some illogical\xe2\x80\xa6'
2020-07-05 18:02:37,"b'RT @srivatsayb: 0.56-inch Chest and a #56InchTummy\n\nMitron, RT if you agree https://t.co/9dlr6z09ek'"
2020-07-05 18:02:37,"b""RT @SandeepsRissam: For those who were flooding the internet with Superhuman powers of someone's #56InchTummy , age and breathing at 10000\xe2\x80\xa6"""
2020-07-05 18:02:37,b'RT @BariAlisha: Perfect\n#56InchTummy'
2020-07-05 18:02:37,"b'RT @jainkorba: Dear @sambitswaraj ""never mess"" i Repeat ""never mess"" with @srivatsayb \n\n#56InchTummy'"
2020-07-05 18:02:35,"b""RT @BariAlisha: #56InchTummy 's favourite lapdog: arnab and amish. \n\nPass it on #56InchTummy"""
2020-07-05 18:02:33,"b""RT @Political_Doc_: Modi ji after eating whole 'Indian Economy' \n\n\xf0\x9f\x98\x82\xf0\x9f\x98\x82\xf0\x9f\x98\x82\xf0\x9f\x98\x82\n\n#56InchTummy https://t.co/uHPnrKdgFY"""
2020-07-05 18:02:32,"b'RT @Anees_Speaks: The 56 inch chest is a myth, \n\n#56InchTummy is fact.'"
2020-07-05 18:02:32,b'RT @KibaVenisha: DARPOK56INCH \n\n#56InchTummy https://t.co/gcvi0qDNmB'
2020-07-05 18:02:31,"b'RT @Deepak_Smg: He said, he would take our GDP to sky high level..we never knew GDP meant \xe2\x80\x9cGas Petrol Diesel\xe2\x80\x9d then!\n\nOn 24 Mar 2020 \xe2\x80\x988PM\xe2\x80\x99 h\xe2\x80\xa6'"
2020-07-05 18:02:30,"b'RT @srivatsayb: 0.56-inch Chest and a #56InchTummy\n\nMitron, RT if you agree https://t.co/9dlr6z09ek'"
2020-07-05 18:02:27,"b""RT @geetv79: It's very clear why an animated cartoon is needed perform yoga \n\n#56InchTummy finds it so much easier to just lecture us about\xe2\x80\xa6"""
2020-07-05 18:02:27,"b""RT @Political_Doc_: Modi ji after eating whole 'Indian Economy' \n\n\xf0\x9f\x98\x82\xf0\x9f\x98\x82\xf0\x9f\x98\x82\xf0\x9f\x98\x82\n\n#56InchTummy https://t.co/uHPnrKdgFY"""
2020-07-05 18:02:27,b'RT @retheeshraj10: Expectation.                         Reality #56InchTummy https://t.co/Vpw9xicSsx'
2020-07-05 18:02:26,"b""RT @Nesscome: #56InchTongue #56InchTummy  \n#56InchTongue #56InchTummy  \n#56InchTongue #56InchTummy  \n#56InchTongue #56InchTummy  \nthat's it\xe2\x80\xa6"""
2020-07-05 18:02:26,b'RT @SpiritOfCongres: . #56InchTummy is REAL.\nIt looks like this \xf0\x9f\x91\x87 https://t.co/2tPfyuQ5P4'
2020-07-05 18:02:25,b'Watched #RasbhariOnPrime.\nTremendous Performance by @ReallySwara and the coactors. Full entertainment. Thank you\xe2\x80\xa6 https://t.co/EA2rM4FRFK'
2020-07-05 18:02:25,"b'RT @srivatsayb: 0.56-inch Chest and a #56InchTummy\n\nMitron, RT if you agree https://t.co/9dlr6z09ek'"
2020-07-05 18:02:24,"b'RT @srivatsayb: 0.56-inch Chest and a #56InchTummy\n\nMitron, RT if you agree https://t.co/9dlr6z09ek'"
2020-07-05 18:02:21,"b""Size of lost  'Indian Economy' \n\n\xf0\x9f\x98\x82\xf0\x9f\x98\x82\xf0\x9f\x98\x82\xf0\x9f\x98\x82\n\n#56InchTummy https://t.co/DDQlqHPhuZ"""
2020-07-05 18:02:18,b'RT @R1Ruhi: His #56InchTummy is filled with PMCARES Fund ! https://t.co/moLNTKvfHh'
2020-07-05 18:02:18,"b'RT @srivatsayb: 0.56-inch Chest and a #56InchTummy\n\nMitron, RT if you agree https://t.co/9dlr6z09ek'"
2020-07-05 18:02:15,b'@srivatsayb Submit Patra almost in tears \xf0\x9f\x98\xad Yet again expose #56InchTummy \xf0\x9f\x98\x82 #ChineseAgentModi @narendramodi\xe2\x80\xa6 https://t.co/8V93rJEB9h'
2020-07-05 18:02:13,b'RT @Shekhar50330166: #56InchTummy Competition between 2 for 56 inch tummy https://t.co/YxXvYwcgBg'
2020-07-05 18:02:12,"b'RT @srivatsayb: 0.56-inch Chest and a #56InchTummy\n\nMitron, RT if you agree https://t.co/9dlr6z09ek'"
2020-07-05 18:02:11,"b""RT @Political_Doc_: #56InchTummy\n\n\xf0\x9f\x98\x82\xf0\x9f\x98\x82\xf0\x9f\x98\x82\n. \n\nWhat Bhakt's.                     Reality of \nThink about Modi.              Modi ji https://t.co\xe2\x80\xa6"""
2020-07-05 18:02:09,b'RT @retheeshraj10: Expectation.                         Reality #56InchTummy https://t.co/Vpw9xicSsx'
2020-07-05 18:02:06,b'RT @MalabarHornbill: \xf0\x9d\x97\xa0\xf0\x9d\x97\xbc\xf0\x9d\x97\xb1\xf0\x9d\x97\xb6 \xf0\x9d\x98\x84\xf0\x9d\x97\xae\xf0\x9d\x97\xbb\xf0\x9d\x97\xbb\xf0\x9d\x97\xae \xf0\x9d\x97\xb2\xf0\x9d\x98\x80\xf0\x9d\x97\xb0\xf0\x9d\x97\xae\xf0\x9d\x97\xbd\xf0\x9d\x97\xb2 \xf0\x9d\x97\xb3\xf0\x9d\x97\xbf\xf0\x9d\x97\xbc\xf0\x9d\x97\xba \xf0\x9d\x97\xbf\xf0\x9d\x97\xb2\xf0\x9d\x97\xae\xf0\x9d\x97\xb9\xf0\x9d\x97\xb6\xf0\x9d\x98\x81\xf0\x9d\x98\x86. \n\n #56InchTummy https://t.co/G0aiGSoVs7'
2020-07-05 18:02:06,b'RT @R1Ruhi: His #56InchTummy is filled with PMCARES Fund ! https://t.co/moLNTKvfHh'
2020-07-05 18:02:04,"b'RT @srivatsayb: 0.56-inch Chest and a #56InchTummy\n\nMitron, RT if you agree https://t.co/9dlr6z09ek'"
2020-07-05 18:02:03,b'RT @R1Ruhi: His #56InchTummy is filled with PMCARES Fund ! https://t.co/moLNTKvfHh'
2020-07-05 18:02:00,"b""Baat kadwi hai magar sach hai\xe2\x9c\x8c\xef\xb8\x8f\xe2\x9a\xa1\n4th pillar of democracy is loosing it's credibility. #MediaSavesBJP\xe2\x80\xa6 https://t.co/Q4wyxgTt7J"""
2020-07-05 18:01:59,b'RT @HarmanManchanda: This Body Shaming trend #56InchTummy shows how much Congress/LW/Urban Naxals hate Modi!\n\nStopping so so low \xf0\x9f\xa4\xa6\xe2\x80\x8d\xe2\x99\x82\xef\xb8\x8f\nYes M\xe2\x80\xa6'
2020-07-05 18:01:57,"b'RT @Vignesh_TNPYC: If lying is an art , this man is an Picasso of it. He is disaster to Nation.\n\n#56InchTummy https://t.co/aTsJa3zZGH'"
2020-07-05 18:01:55,"b'RT @srivatsayb: 0.56-inch Chest and a #56InchTummy\n\nMitron, RT if you agree https://t.co/9dlr6z09ek'"
2020-07-05 18:01:53,b'RT @BariAlisha: We did it.\xf0\x9f\x98\x82 \xe2\x9d\xa4\xef\xb8\x8f\n Trending on No1 #56InchTummy \n@sambitswaraj now happy? \xf0\x9f\x98\x88 https://t.co/6OyivPPVMf'
2020-07-05 18:01:50,b'RT @h_s_Karthik: Sri @RahulGandhi warned about #Covid in the month of February.\nBut #56InchTummy was busy eating Litti Choka and neglected\xe2\x80\xa6'
2020-07-05 18:01:49,b'RT @VinayDokania: Petrol Diesel Taxes\n\nDuring                           During\nCongress GOVT           BJP GOVT #56InchTummy https://t.co/z\xe2\x80\xa6'
2020-07-05 18:01:48,b'RT @Nesscome: \xf0\x9f\x98\x9b to @sambitswaraj for trending of #56InchTummy \xf0\x9f\x98\x9c\xf0\x9f\x98\x9c\xf0\x9f\x98\x9c\xf0\x9f\x98\x9c\nand hats off you @srivatsayb \xf0\x9f\x92\xaa\xf0\x9f\x98\x8e\n#56InchTummy\n#SurenderModi https://t.co/\xe2\x80\xa6'
2020-07-05 18:01:46,"b'RT @stylistanu: Being a stylist, I can advise Modi on how to hide that #56InchTummy, with few terrific styling tips\xf0\x9f\x98\x8e'"
2020-07-05 18:01:46,"b""RT @AmolvKhodke: Dambit Patra's reaction on \n #56InchTummy https://t.co/1tKjCZz2Wz"""
2020-07-05 18:01:43,"b""RT @Political_Doc_: Modi ji after eating whole 'Indian Economy' \n\n\xf0\x9f\x98\x82\xf0\x9f\x98\x82\xf0\x9f\x98\x82\xf0\x9f\x98\x82\n\n#56InchTummy https://t.co/uHPnrKdgFY"""
2020-07-05 18:01:41,"b""RT @Political_Doc_: Modi ji after eating whole 'Indian Economy' \n\n\xf0\x9f\x98\x82\xf0\x9f\x98\x82\xf0\x9f\x98\x82\xf0\x9f\x98\x82\n\n#56InchTummy https://t.co/uHPnrKdgFY"""
2020-07-05 18:01:38,"b'RT @srivatsayb: 0.56-inch Chest and a #56InchTummy\n\nMitron, RT if you agree https://t.co/9dlr6z09ek'"
2020-07-05 18:01:35,b'RT @Satya_Vachann: Cartoonists at their best! \n\n#56InchTummy https://t.co/pDmown3Rue'
2020-07-05 18:01:33,"b'RT @srivatsayb: 0.56-inch Chest and a #56InchTummy\n\nMitron, RT if you agree https://t.co/9dlr6z09ek'"
2020-07-05 18:01:31,b'RT @AabidMagami: China\xe2\x80\x99s share in India\xe2\x80\x99s imports (%): \n\nToys: 75%\nDrugs APIs: 68%\nSolar Cells: 78%\nCapital Goods: 55%\nElectrical &amp; Electro\xe2\x80\xa6'
2020-07-05 18:01:30,b'RT @retheeshraj10: Expectation.                         Reality #56InchTummy https://t.co/Vpw9xicSsx'
2020-07-05 18:01:30,b'RT @SpiritOfCongres: . #56InchTummy is REAL.\nIt looks like this \xf0\x9f\x91\x87 https://t.co/2tPfyuQ5P4'
2020-07-05 18:01:27,b'RT @PriaINC: #56InchTummy favourite pass time: Zhoot and Jumla\n\nLet creativity flow guys add your own and RT \n\nPass it on #56InchTummy'
2020-07-05 18:01:24,"b'RT @srivatsayb: 0.56-inch Chest and a #56InchTummy\n\nMitron, RT if you agree https://t.co/9dlr6z09ek'"
2020-07-05 18:01:24,"b""RT @SandeepsRissam: For those who were flooding the internet with Superhuman powers of someone's #56InchTummy , age and breathing at 10000\xe2\x80\xa6"""
2020-07-05 18:01:24,"b'RT @srivatsayb: @geetv79 Only guy in the world who does Yoga everyday, eats very less, works 18 hours per day but has #56InchTummy \xf0\x9f\x99\x84'"
2020-07-05 18:01:21,"b'RT @srivatsayb: 0.56-inch Chest and a #56InchTummy\n\nMitron, RT if you agree https://t.co/9dlr6z09ek'"
2020-07-05 18:01:21,"b'RT @srivatsayb: 0.56-inch Chest and a #56InchTummy\n\nMitron, RT if you agree https://t.co/9dlr6z09ek'"
2020-07-05 18:01:19,b'I am warrior 56 inch \xf0\x9f\x87\xae\xf0\x9f\x87\xb3\xf0\x9f\x87\xae\xf0\x9f\x87\xb3\xf0\x9f\x87\xae\xf0\x9f\x87\xb3\xf0\x9f\x87\xae\xf0\x9f\x87\xb3\xf0\x9f\x87\xae\xf0\x9f\x87\xb3\xf0\x9f\x87\xae\xf0\x9f\x87\xb3\xf0\x9f\x87\xae\xf0\x9f\x87\xb3\xf0\x9f\x87\xae\xf0\x9f\x87\xb3\xf0\x9f\x87\xae\xf0\x9f\x87\xb3\xf0\x9f\x87\xae\xf0\x9f\x87\xb3\xf0\x9f\x87\xae\xf0\x9f\x87\xb3\xf0\x9f\x87\xae\xf0\x9f\x87\xb3\xf0\x9f\x87\xae\xf0\x9f\x87\xb3\xf0\x9f\x87\xae\xf0\x9f\x87\xb3\xf0\x9f\x87\xae\xf0\x9f\x87\xb3\xf0\x9f\x87\xae\xf0\x9f\x87\xb3\xf0\x9f\x87\xae\xf0\x9f\x87\xb3\xf0\x9f\x87\xae\xf0\x9f\x87\xb3\nFeeling for nation ..but tukde tukde gang not believe thi\xe2\x80\xa6 https://t.co/O3lH4VEn4h'
2020-07-05 18:01:18,b'RT @HRajaOffl: No of times Modi Named Pakistan for Pulwama attack - 1000+\n\nNo of times Modi named China for Galwan Valley attack - 0\n#56Inc\xe2\x80\xa6'
2020-07-05 18:01:18,b'RT @AutoRaja1212: When Modi government gives up the scientific way of fighting #coronavirus\nthey have indulged in voodoo and some illogical\xe2\x80\xa6'
2020-07-05 18:01:17,"b'RT @srivatsayb: 0.56-inch Chest and a #56InchTummy\n\nMitron, RT if you agree https://t.co/9dlr6z09ek'"
2020-07-05 18:01:15,"b'RT @srivatsayb: 0.56-inch Chest and a #56InchTummy\n\nMitron, RT if you agree https://t.co/9dlr6z09ek'"
2020-07-05 18:01:14,b'RT @h_s_Karthik: Sri @RahulGandhi warned about #Covid in the month of February.\nBut #56InchTummy was busy eating Litti Choka and neglected\xe2\x80\xa6'
2020-07-05 18:01:14,b'RT @PriaINC: #56InchTummy trending on NO 1 Nationally \xf0\x9f\x98\x84\xf0\x9f\x98\x84\n\nYayyyy !!!!\xf0\x9f\x8f\x86\xf0\x9f\x8f\x85\xf0\x9f\x91\x8d\xf0\x9f\xa5\xb3\xf0\x9f\x91\x8f\xf0\x9f\x91\x8f https://t.co/1rl57yBofl'
2020-07-05 18:01:13,"b""RT @Liberalistic15: #56inchTummy trending nationally now, let's make it Top 10  now, thanks to @srivatsayb and @PriaINC ma'am \xf0\x9f\x99\x8f https://t.c\xe2\x80\xa6"""
2020-07-05 18:01:12,b'RT @indianeutral: Who really deserves #56InchTummy ? \xf0\x9f\x99\x8f\n\nRT for those Kids \nLike for Modiji https://t.co/NDh1gmd5SN'
2020-07-05 18:01:12,"b""RT @Political_Doc_: Modi ji after eating whole 'Indian Economy' \n\n\xf0\x9f\x98\x82\xf0\x9f\x98\x82\xf0\x9f\x98\x82\xf0\x9f\x98\x82\n\n#56InchTummy https://t.co/uHPnrKdgFY"""
2020-07-05 18:01:11,"b""RT @SpiritOfCongres: For all those wondering what his #56InchTummy is filled with...\n\nIt's just Gobar."""
2020-07-05 18:01:07,"b'RT @VK18_ABD17: They say 56 inch, I hear #56InchTummy \xf0\x9f\x98\x82\xf0\x9f\x98\x82'"
2020-07-05 18:01:07,b'RT @orasanthosh: #\xe0\xa4\x93\xe0\xa4\xac\xe0\xa5\x80\xe0\xa4\xb8\xe0\xa5\x80_\xe0\xa4\xb5\xe0\xa4\xbf\xe0\xa4\xb0\xe0\xa5\x8b\xe0\xa4\xa7\xe0\xa5\x80_\xe0\xa4\xae\xe0\xa5\x8b\xe0\xa4\xa6\xe0\xa5\x80 #BoycottMovieOfProphet #56InchTummy #PMModiCBIForSSR  iam a gym trainer Sry to say we gyms people r str\xe2\x80\xa6'
2020-07-05 18:01:04,"b'RT @TribeccaAngie: Hey @zainabsikander,\nIs it just me or is he looking really hawt n Saxii?\xf0\x9f\xa5\xb5\n\n#56InchTummy https://t.co/CJaNXg7VzZ'"
2020-07-05 18:01:03,b'RT @BariAlisha: We did it.\xf0\x9f\x98\x82 \xe2\x9d\xa4\xef\xb8\x8f\n Trending on No1 #56InchTummy \n@sambitswaraj now happy? \xf0\x9f\x98\x88 https://t.co/6OyivPPVMf'
2020-07-05 18:01:00,b'RT @PriaINC: #56InchTummy trending on NO 1 Nationally \xf0\x9f\x98\x84\xf0\x9f\x98\x84\n\nYayyyy !!!!\xf0\x9f\x8f\x86\xf0\x9f\x8f\x85\xf0\x9f\x91\x8d\xf0\x9f\xa5\xb3\xf0\x9f\x91\x8f\xf0\x9f\x91\x8f https://t.co/1rl57yBofl'
2020-07-05 18:01:00,"b'RT @srivatsayb: 0.56-inch Chest and a #56InchTummy\n\nMitron, RT if you agree https://t.co/9dlr6z09ek'"
2020-07-05 18:00:59,b'RT @SpiritOfCongres: Bhakts reaction after seeing #56InchTummy is trending \xf0\x9f\x98\x9c\xf0\x9f\x98\x82\xf0\x9f\x98\x82 https://t.co/h4jDS5iZK6'
2020-07-05 18:00:56,"b'RT @SpiritOfCongres: They say 56 inch, I remember tummy.. \xf0\x9f\x98\x82\xf0\x9f\x98\x82\n\n#56InchTummy'"
2020-07-05 18:00:56,b'RT @BariAlisha: We did it.\xf0\x9f\x98\x82 \xe2\x9d\xa4\xef\xb8\x8f\n Trending on No1 #56InchTummy \n@sambitswaraj now happy? \xf0\x9f\x98\x88 https://t.co/6OyivPPVMf'
2020-07-05 18:00:54,b'RT @PriaINC: #56InchTummy trending on NO 1 Nationally \xf0\x9f\x98\x84\xf0\x9f\x98\x84\n\nYayyyy !!!!\xf0\x9f\x8f\x86\xf0\x9f\x8f\x85\xf0\x9f\x91\x8d\xf0\x9f\xa5\xb3\xf0\x9f\x91\x8f\xf0\x9f\x91\x8f https://t.co/1rl57yBofl'
2020-07-05 18:00:53,"b'RT @PriaINC: They say 56 inch, I hear #56InchTummy \xf0\x9f\x98\x82\xf0\x9f\x98\x82\nPass it on ..'"
2020-07-05 18:00:52,b'RT @PriaINC: #56InchTummy trending on NO 1 Nationally \xf0\x9f\x98\x84\xf0\x9f\x98\x84\n\nYayyyy !!!!\xf0\x9f\x8f\x86\xf0\x9f\x8f\x85\xf0\x9f\x91\x8d\xf0\x9f\xa5\xb3\xf0\x9f\x91\x8f\xf0\x9f\x91\x8f https://t.co/1rl57yBofl'
2020-07-05 18:00:48,b'RT @BariAlisha: The liar king has #56InchTummy \xf0\x9f\x98\x81'
2020-07-05 18:00:47,b'RT @AabidMagami: China\xe2\x80\x99s share in India\xe2\x80\x99s imports (%): \n\nToys: 75%\nDrugs APIs: 68%\nSolar Cells: 78%\nCapital Goods: 55%\nElectrical &amp; Electro\xe2\x80\xa6'
2020-07-05 18:00:44,b'RT @HarmanManchanda: This Body Shaming trend #56InchTummy shows how much Congress/LW/Urban Naxals hate Modi!\n\nStopping so so low \xf0\x9f\xa4\xa6\xe2\x80\x8d\xe2\x99\x82\xef\xb8\x8f\nYes M\xe2\x80\xa6'
2020-07-05 18:00:42,b'RT @abhijitsapkal1: (Pic 1) What Godi Media pretend about him\n\n(Pic 2) What he is actually!\n\n#56InchTummy https://t.co/QKQOXIgFgO'
2020-07-05 18:00:42,"b'#56InchTummy\n\nThis is called ""5 trillion tummy""... https://t.co/NsifQWxZ0U'"
2020-07-05 18:00:41,b'RT @VK18_ABD17: #56InchTummy\n\nREEL                     REAL https://t.co/WHOuDD4SQS'
2020-07-05 18:00:41,"b'RT @srivatsayb: 0.56-inch Chest and a #56InchTummy\n\nMitron, RT if you agree https://t.co/9dlr6z09ek'"
2020-07-05 18:00:41,b'RT @Subytweets: 20 Crores for Yoga day ads and 35 Lakh Yoga Video &amp; still #56InchTummy https://t.co/8WI6ZMxvbN'
2020-07-05 18:00:39,b'RT @SpiritOfCongres: . #56InchTummy is REAL.\nIt looks like this \xf0\x9f\x91\x87 https://t.co/2tPfyuQ5P4'
2020-07-05 18:00:39,"b'RT @srivatsayb: 0.56-inch Chest and a #56InchTummy\n\nMitron, RT if you agree https://t.co/9dlr6z09ek'"
2020-07-05 18:00:39,b'RT @VinayDokania: Petrol Diesel Taxes\n\nDuring                           During\nCongress GOVT           BJP GOVT #56InchTummy https://t.co/z\xe2\x80\xa6'
2020-07-05 18:00:38,b'RT @BariAlisha: We did it.\xf0\x9f\x98\x82 \xe2\x9d\xa4\xef\xb8\x8f\n Trending on No1 #56InchTummy \n@sambitswaraj now happy? \xf0\x9f\x98\x88 https://t.co/6OyivPPVMf'
2020-07-05 18:00:38,b'RT @VK18_ABD17: I doubt Even DOREMON @sambitswaraj must have tweeted with #56InchTummy \xf0\x9f\x98\x86 https://t.co/pGvwcKfzQt'
2020-07-05 18:00:38,b'RT @Subytweets: 20 Crores for Yoga day ads and 35 Lakh Yoga Video &amp; still #56InchTummy https://t.co/8WI6ZMxvbN'
2020-07-05 18:00:35,b'Go tummy go.....we have to get the gold.....bronze just not enough!#56InchTummy'
2020-07-05 18:00:34,"b'RT @SalmanAabdi: #COVID19 positive cases :\n\nUSA : 29.59L\nBrazil : 15.79L\nIndia : 6.97L \nRussia : 6.81L\n\nWe reached in the top 3, MODI HAI T\xe2\x80\xa6'"
2020-07-05 18:00:33,"b'RT @srivatsayb: 0.56-inch Chest and a #56InchTummy\n\nMitron, RT if you agree https://t.co/9dlr6z09ek'"
2020-07-05 18:00:30,"b""RT @p143_kumar: #56InchTummy\ni don't support this type of trend.if you guys are really want do somthing then raise voice for honor of bhara\xe2\x80\xa6"""
2020-07-05 18:00:29,b'What to expect from Modi other than PR gimmicks?!\n#56InchTummy \n\nhttps://t.co/zBeldwjvIz'
2020-07-05 18:00:28,b'RT @PriaINC: #56InchTummy trending on NO 1 Nationally \xf0\x9f\x98\x84\xf0\x9f\x98\x84\n\nYayyyy !!!!\xf0\x9f\x8f\x86\xf0\x9f\x8f\x85\xf0\x9f\x91\x8d\xf0\x9f\xa5\xb3\xf0\x9f\x91\x8f\xf0\x9f\x91\x8f https://t.co/1rl57yBofl'
2020-07-05 18:00:26,b'RT @Subytweets: 20 Crores for Yoga day ads and 35 Lakh Yoga Video &amp; still #56InchTummy https://t.co/8WI6ZMxvbN'
2020-07-05 18:00:26,b'RT @AnshumanSail: Everyone in India is talking about #56InchTummy but will anyone tell me who has this 56 Inch Tummy?'
2020-07-05 18:00:25,b'RT @ShivuuPatil: @VikrantMunna1 @SpiritOfCongres March 31 2020 govt placed orders for 40k ventilators.Thereafter PMcaresfund allocated 2000\xe2\x80\xa6'
2020-07-05 18:00:23,b'RT @Subytweets: 20 Crores for Yoga day ads and 35 Lakh Yoga Video &amp; still #56InchTummy https://t.co/8WI6ZMxvbN'
2020-07-05 18:00:22,b'Am I the only one using Telegram for everything else other than a instant messaging app?\n\n#telegramgroup\xe2\x80\xa6 https://t.co/BSOvP7xM10'
2020-07-05 18:00:21,b'RT @BariAlisha: We did it.\xf0\x9f\x98\x82 \xe2\x9d\xa4\xef\xb8\x8f\n Trending on No1 #56InchTummy \n@sambitswaraj now happy? \xf0\x9f\x98\x88 https://t.co/6OyivPPVMf'
2020-07-05 18:00:20,"b'Notice Inviting Tender to PM CARES FUND: ""River on Sale""\n#56InchTummy https://t.co/3BfYd4ZnIq'"
2020-07-05 18:00:19,b'RT @HRajaOffl: 1\xef\xb8\x8f\xe2\x83\xa3Modi against China when he was in opposition\n\n2\xef\xb8\x8f\xe2\x83\xa3 Modi against China after Galwan Valley attack\n#56InchTummy https://t.co\xe2\x80\xa6'
2020-07-05 18:00:14,"b""RT @Political_Doc_: #56InchTummy\n\n\xf0\x9f\x98\x82\xf0\x9f\x98\x82\xf0\x9f\x98\x82\n. \n\nWhat Bhakt's.                     Reality of \nThink about Modi.              Modi ji https://t.co\xe2\x80\xa6"""
2020-07-05 18:00:14,b'RT @Subytweets: 20 Crores for Yoga day ads and 35 Lakh Yoga Video &amp; still #56InchTummy https://t.co/8WI6ZMxvbN'
2020-07-05 18:00:14,"b'RT @srivatsayb: 0.56-inch Chest and a #56InchTummy\n\nMitron, RT if you agree https://t.co/9dlr6z09ek'"
2020-07-05 18:00:13,"b""RT @Vignesh_TNPYC: One Nation \nOne Mistake !! \n\nDon't trust him and spoil our country's Future .\n\n#56InchTummy https://t.co/vMy0hMIbYk"""
2020-07-05 18:00:12,"b'RT @srivatsayb: 0.56-inch Chest and a #56InchTummy\n\nMitron, RT if you agree https://t.co/9dlr6z09ek'"
2020-07-05 18:00:12,"b""RT @AhmedBilal_JK: Straight from horse's mouth \xf0\x9f\x91\x87.\n\n@sambitswaraj accepting on air that Modi's Acting in Leh deserves Oscar Award .\nThanks f\xe2\x80\xa6"""
2020-07-05 18:00:09,b'RT @BariAlisha: We did it.\xf0\x9f\x98\x82 \xe2\x9d\xa4\xef\xb8\x8f\n Trending on No1 #56InchTummy \n@sambitswaraj now happy? \xf0\x9f\x98\x88 https://t.co/6OyivPPVMf'
2020-07-05 18:00:09,"b'RT @SpiritOfCongres: Shame on all of us for trending #56InchTummy\nIt took so long for us to realise that 56"" chest is actually his tummy.\xe2\x80\xa6'"
2020-07-05 18:00:05,b'RT @NadeemSyed777: Modi ji in search of the photographer after seeing #56InchTummy trending at #1 \xf0\x9f\x98\x82\xf0\x9f\x98\x82\xf0\x9f\x98\x82 https://t.co/tgrzGUnYpE'
2020-07-05 18:00:02,"b'RT @Deepak_Smg: #56InchTummy trending at No 2 \xf0\x9f\x91\x8d\n\nThank you @srivatsayb ,you brought 56\xe2\x80\x9dchest to 56\xe2\x80\x9d Tummy'"
2020-07-05 17:59:59,b'RT @h_s_Karthik: Dumbit read out the tweet and the failures of Modi to people who are not on Twitter. \nWe should be thankful to him!\nSelfgo\xe2\x80\xa6'
2020-07-05 17:59:59,b'RT @h_s_Karthik: Sri @RahulGandhi warned about #Covid in the month of February.\nBut #56InchTummy was busy eating Litti Choka and neglected\xe2\x80\xa6'
2020-07-05 17:59:57,b'RT @R1Ruhi: His #56InchTummy is filled with PMCARES Fund ! https://t.co/moLNTKvfHh'
2020-07-05 17:59:57,b'RT @dubeyamitabh: PM Manmohan Singh visited Siachen on 12 Jun 2005 with little fanfare. That\xe2\x80\x99s 19 km from the frontline at Gyong La and 66\xe2\x80\xa6'
2020-07-05 17:59:57,"b'RT @HarrisSsrr: 0.56-inch Chest and a #56InchTummy\n\nMitron, RT if you agree'"
2020-07-05 17:59:57,b'@VikrantMunna1 @SpiritOfCongres March 31 2020 govt placed orders for 40k ventilators.Thereafter PMcaresfund allocat\xe2\x80\xa6 https://t.co/Kvq8RisWxh'
2020-07-05 17:59:57,b'RT @Vignesh_TNPYC: Surender Darpokdas Modi has 0.56 inch chest and #56InchTummy https://t.co/NNBoJO1CUH'
2020-07-05 17:59:56,"b""RT @Political_Doc_: Modi ji after eating whole 'Indian Economy' \n\n\xf0\x9f\x98\x82\xf0\x9f\x98\x82\xf0\x9f\x98\x82\xf0\x9f\x98\x82\n\n#56InchTummy https://t.co/uHPnrKdgFY"""
2020-07-05 17:59:54,b'RT @retheeshraj10: Expectation.                         Reality #56InchTummy https://t.co/Vpw9xicSsx'
2020-07-05 17:59:54,"b""RT @Political_Doc_: Modi ji after eating whole 'Indian Economy' \n\n\xf0\x9f\x98\x82\xf0\x9f\x98\x82\xf0\x9f\x98\x82\xf0\x9f\x98\x82\n\n#56InchTummy https://t.co/uHPnrKdgFY"""
2020-07-05 17:59:53,b'RT @Shekhar50330166: #56InchTummy Competition between 2 for 56 inch tummy https://t.co/YxXvYwcgBg'
2020-07-05 17:59:53,b'RT @RoyalAzam: Where Is PmCareFund??\n\n#56InchTummy\n@srivatsayb https://t.co/9FAPWX07bO'
2020-07-05 17:59:51,"b'RT @srivatsayb: 0.56-inch Chest and a #56InchTummy\n\nMitron, RT if you agree https://t.co/9dlr6z09ek'"
2020-07-05 17:59:51,"b""That's so ME. \xf0\x9f\x98\x81\n\nAnyway in the spirit of the trend :\n#56InchTummy https://t.co/okwiYG5qdn"""
2020-07-05 17:59:46,b'Good\n#56InchTummy'
2020-07-05 17:59:45,"b'RT @srivatsayb: 0.56-inch Chest and a #56InchTummy\n\nMitron, RT if you agree https://t.co/9dlr6z09ek'"
2020-07-05 17:59:45,"b'RT @srivatsayb: 0.56-inch Chest and a #56InchTummy\n\nMitron, RT if you agree https://t.co/9dlr6z09ek'"
2020-07-05 17:59:43,"b""RT @Vignesh_TNPYC: One Nation \nOne Mistake !! \n\nDon't trust him and spoil our country's Future .\n\n#56InchTummy https://t.co/vMy0hMIbYk"""
2020-07-05 17:59:41,b'RT @SpiritOfCongres: Bhakts reaction after seeing #56InchTummy is trending \xf0\x9f\x98\x9c\xf0\x9f\x98\x82\xf0\x9f\x98\x82 https://t.co/h4jDS5iZK6'
2020-07-05 17:59:38,b'Gandhi family loyalists kuch aur kaam Karo like win elections throw out moxiji and build @INCIndia Sevadal to reall\xe2\x80\xa6 https://t.co/PDQsFAm9VZ'
2020-07-05 17:59:36,"b""RT @Political_Doc_: Modi ji after eating whole 'Indian Economy' \n\n\xf0\x9f\x98\x82\xf0\x9f\x98\x82\xf0\x9f\x98\x82\xf0\x9f\x98\x82\n\n#56InchTummy https://t.co/uHPnrKdgFY"""
2020-07-05 17:59:36,"b""RT @bitch_dinosaur: I'm against body shaming unless it's #56InchTummy https://t.co/07XSd7AP23"""
2020-07-05 17:59:34,b'RT @RahulManojkumar: Hey @sambitswaraj....\nThanks for Speaking  out The Qualities of Your Honourable Leader With Our Without Your Notice \xf0\x9f\x98\x86\xe2\x80\xa6'
2020-07-05 17:59:32,b'Who really deserves #56InchTummy ? \xf0\x9f\x99\x8f\n\nRT for those Kids \nLike for Modiji https://t.co/NDh1gmd5SN'
2020-07-05 17:59:32,b'RT @SpiritOfCongres: . #56InchTummy is REAL.\nIt looks like this \xf0\x9f\x91\x87 https://t.co/2tPfyuQ5P4'
2020-07-05 17:59:31,b'RT @PriaINC: #56InchTummy trending on NO 1 Nationally \xf0\x9f\x98\x84\xf0\x9f\x98\x84\n\nYayyyy !!!!\xf0\x9f\x8f\x86\xf0\x9f\x8f\x85\xf0\x9f\x91\x8d\xf0\x9f\xa5\xb3\xf0\x9f\x91\x8f\xf0\x9f\x91\x8f https://t.co/1rl57yBofl'
2020-07-05 17:59:30,b'RT @FakirCitu: Pic1- how he promotes himself on social media\nPic2- reality\n\n#56InchTummy https://t.co/uMma5XqMJO'
2020-07-05 17:59:30,b'RT @saraf_pankaj: @sambitswaraj has motivated whole nation to trend #56InchTummy .\n\nWhole nation made it number trend in Twitter.\n\nThanks S\xe2\x80\xa6'
2020-07-05 17:59:28,b'RT @SpiritOfCongres: . #56InchTummy is REAL.\nIt looks like this \xf0\x9f\x91\x87 https://t.co/2tPfyuQ5P4'
2020-07-05 17:59:27,"b""RT @geetv79: It's very clear why an animated cartoon is needed perform yoga \n\n#56InchTummy finds it so much easier to just lecture us about\xe2\x80\xa6"""
2020-07-05 17:59:25,b'RT @VK18_ABD17: I doubt Even DOREMON @sambitswaraj must have tweeted with #56InchTummy \xf0\x9f\x98\x86 https://t.co/pGvwcKfzQt'
2020-07-05 17:59:22,b'RT @saraf_pankaj: @sambitswaraj has motivated whole nation to trend #56InchTummy .\n\nWhole nation made it number trend in Twitter.\n\nThanks S\xe2\x80\xa6'
2020-07-05 17:59:21,"b'RT @srivatsayb: 0.56-inch Chest and a #56InchTummy\n\nMitron, RT if you agree https://t.co/9dlr6z09ek'"
2020-07-05 17:59:21,b'RT @VK18_ABD17: I doubt Even DOREMON @sambitswaraj must have tweeted with #56InchTummy \xf0\x9f\x98\x86 https://t.co/pGvwcKfzQt'
2020-07-05 17:59:20,b'RT @HRajaOffl: 1\xef\xb8\x8f\xe2\x83\xa3Modi against China when he was in opposition\n\n2\xef\xb8\x8f\xe2\x83\xa3 Modi against China after Galwan Valley attack\n#56InchTummy https://t.co\xe2\x80\xa6'
2020-07-05 17:59:18,b'RT @h_s_Karthik: Sri @RahulGandhi warned about #Covid in the month of February.\nBut #56InchTummy was busy eating Litti Choka and neglected\xe2\x80\xa6'
2020-07-05 17:59:18,b'RT @h_s_Karthik: Sri @RahulGandhi warned about #Covid in the month of February.\nBut #56InchTummy was busy eating Litti Choka and neglected\xe2\x80\xa6'
2020-07-05 17:59:14,"b""RT @Dimocrazy: His long Beard is News @IndiaToday  \n\nHis fake 56-inch chest is a News\n\n Why can't you take up #56InchTummy \n\n@rahulkanwal @\xe2\x80\xa6"""
2020-07-05 17:59:13,b'RT @KibaVenisha: DARPOK56INCH \n\n#56InchTummy https://t.co/gcvi0qDNmB'
2020-07-05 17:59:13,"b""RT @SandeepsRissam: For those who were flooding the internet with Superhuman powers of someone's #56InchTummy , age and breathing at 10000\xe2\x80\xa6"""
2020-07-05 17:59:12,"b'RT @srivatsayb: 0.56-inch Chest and a #56InchTummy\n\nMitron, RT if you agree https://t.co/9dlr6z09ek'"
2020-07-05 17:59:10,b'Pic1- how he promotes himself on social media\nPic2- reality\n\n#56InchTummy https://t.co/uMma5XqMJO'
2020-07-05 17:59:09,b'RT @Abdullah_Jamia: Untouchable terrorists of India..!?\n\n#56InchTummy https://t.co/E2pTczMKQU'
